Nº Série,Categoria,Objeto,Modelo,Responsável,Setor,Local,Estado de conservação,Data de entrega,Status,NF,Valor,Observação
4407020009112022,Equipamentos,Caixa de ventilação,FILBOX 150 QUAD - G4/M5,,Sala de Aula,1º Período,Novo,06.09.2022,Em uso,000.050.157,"R$ 450,00",-
4407020009212022,Equipamentos,Exaustor Axial,SICFLUX MAXX 150 - 220V,,Sala de Aula,1º Período,Novo,06.09.2022,Em uso,000.050.157,"R$ 480,00",-
sem patrimônio,Móveis/Utensílios,Cadeiras,54 unidades com braço,-,Sala de Aula,1º periodo,Bom,-,Em uso,-,-,1 unidade sem braço
4407020009082024,Móveis/Utensílios,Cadeira,Giratória sem braço em tecido,-,Sala de Aula,1º periodo,Novo,17.12.2024,Em uso,000.002.016,"R$ 385,00",cadeira nova
sem patrimônio,Equipamentos de Informática,Projetor,Epson Power Lite X29,-,Sala de Aula,1º periodo,Bom,-,Em uso,-,-,-
4407020007422025,Móveis/Utensílios,Quadro/Lousa,"Branco,magnetico,em vidro temperado, espessura de 6,0mm, 100x200 cm (axl)
",-,Sala de Aula,1º periodo,Novo,05.12.2025,Em uso,119,"R$ 1.822,44",Substituiu os quadros antigos
4407020007432025,Móveis/Utensílios,Quadro/Lousa,"Branco,magnetico,em vidro temperado, espessura de 6,0mm, 100x200 cm (axl)
",-,Sala de Aula,1º periodo,Novo,05.12.2025,Em uso,119,"R$ 1.822,44",Substituiu os quadros antigos
4407020006712024,Móveis/Utensílios,Mesa,Retangular (1200x745x600) mm,-,Sala de Aula,1º periodo,Novo,21.11.2024,Em uso,000.002.507,"R$ 975,50",-
sem patrimônio,Equipamentos,Evaporador de Ar,Carrier 36.000 Btu/h,-,Sala de Aula,1º periodo,Regular,-,Em uso,-,-,-
sem patrimônio,Equipamentos,Condesador de Ar,Carrier 36.000 Btu/h,-,Sala de Aula,1º periodo,Regular,-,Em uso,-,-,-
4407020009102022,Equipamentos,Caixa de ventilação,FILBOX 150 QUAD - G4/M5,,Sala de Aula,2º Período,Novo,06.09.2022,Em uso,000.050.157,"R$ 450,00",-
4407020009222022,Equipamentos,Exaustor Axial,SICFLUX MAXX 150 - 220V,,Sala de Aula,2º Período,Novo,06.09.2022,Em uso,000.050.157,"R$ 480,00",-
4407020007402025,Móveis/Utensílios,Quadro/Lousa,"Branco,magnetico,em vidro temperado, espessura de 6,0mm, 100x200 cm (axl)
",-,Sala de Aula,2º Período,Novo,05.12.2025,Em uso,119,"R$ 1.822,44",Substituiu os quadros antigos
4407020007412025,Móveis/Utensílios,Quadro/Lousa,"Branco,magnetico,em vidro temperado, espessura de 6,0mm, 100x200 cm (axl)
",-,Sala de Aula,2º Período,Novo,05.12.2025,Em uso,119,"R$ 1.822,44",Substituiu os quadros antigos
4407020005572025,Móveis/Utensílios,Cadeira,Universitária Executiva com prancheta - preta,-,Sala de Aula,2º Período,Novo,19.9.2025,Em uso,370,"R$ 365,69",cadeiras novas - Empenho 2024NE002938 12/12/2024 Efisco: 482487-3
4407020005582025,Móveis/Utensílios,Cadeira,Universitária Executiva com prancheta - preta,-,Sala de Aula,2º Período,Novo,19.9.2025,Em uso,370,"R$ 365,69",cadeiras novas - Empenho 2024NE002938 12/12/2024 Efisco: 482487-3
4407020005592025,Móveis/Utensílios,Cadeira,Universitária Executiva com prancheta - preta,-,Sala de Aula,2º Período,Novo,19.9.2025,Em uso,370,"R$ 365,69",cadeiras novas - Empenho 2024NE002938 12/12/2024 Efisco: 482487-3
4407020005602025,Móveis/Utensílios,Cadeira,Universitária Executiva com prancheta - preta,-,Sala de Aula,2º Período,Novo,19.9.2025,Em uso,370,"R$ 365,69",cadeiras novas - Empenho 2024NE002938 12/12/2024 Efisco: 482487-3
4407020005612025,Móveis/Utensílios,Cadeira,Universitária Executiva com prancheta - preta,-,Sala de Aula,2º Período,Novo,19.9.2025,Em uso,370,"R$ 365,69",cadeiras novas - Empenho 2024NE002938 12/12/2024 Efisco: 482487-3
4407020005622025,Móveis/Utensílios,Cadeira,Universitária Executiva com prancheta - preta,-,Sala de Aula,2º Período,Novo,19.9.2025,Em uso,370,"R$ 365,69",cadeiras novas - Empenho 2024NE002938 12/12/2024 Efisco: 482487-3
4407020005632025,Móveis/Utensílios,Cadeira,Universitária Executiva com prancheta - preta,-,Sala de Aula,2º Período,Novo,19.9.2025,Em uso,370,"R$ 365,69",cadeiras novas - Empenho 2024NE002938 12/12/2024 Efisco: 482487-3
4407020005642025,Móveis/Utensílios,Cadeira,Universitária Executiva com prancheta - preta,-,Sala de Aula,2º Período,Novo,19.9.2025,Em uso,370,"R$ 365,69",cadeiras novas - Empenho 2024NE002938 12/12/2024 Efisco: 482487-3
4407020005652025,Móveis/Utensílios,Cadeira,Universitária Executiva com prancheta - preta,-,Sala de Aula,2º Período,Novo,19.9.2025,Em uso,370,"R$ 365,69",cadeiras novas - Empenho 2024NE002938 12/12/2024 Efisco: 482487-3
4407020005662025,Móveis/Utensílios,Cadeira,Universitária Executiva com prancheta - preta,-,Sala de Aula,2º Período,Novo,19.9.2025,Em uso,370,"R$ 365,69",cadeiras novas - Empenho 2024NE002938 12/12/2024 Efisco: 482487-3
4407020005672025,Móveis/Utensílios,Cadeira,Universitária Executiva com prancheta - preta,-,Sala de Aula,2º Período,Novo,19.9.2025,Em uso,370,"R$ 365,69",cadeiras novas - Empenho 2024NE002938 12/12/2024 Efisco: 482487-3
4407020005682025,Móveis/Utensílios,Cadeira,Universitária Executiva com prancheta - preta,-,Sala de Aula,2º Período,Novo,19.9.2025,Em uso,370,"R$ 365,69",cadeiras novas - Empenho 2024NE002938 12/12/2024 Efisco: 482487-3
4407020005692025,Móveis/Utensílios,Cadeira,Universitária Executiva com prancheta - preta,-,Sala de Aula,2º Período,Novo,19.9.2025,Em uso,370,"R$ 365,69",cadeiras novas - Empenho 2024NE002938 12/12/2024 Efisco: 482487-3
4407020005702025,Móveis/Utensílios,Cadeira,Universitária Executiva com prancheta - preta,-,Sala de Aula,2º Período,Novo,19.9.2025,Em uso,370,"R$ 365,69",cadeiras novas - Empenho 2024NE002938 12/12/2024 Efisco: 482487-3
4407020005712025,Móveis/Utensílios,Cadeira,Universitária Executiva com prancheta - preta,-,Sala de Aula,2º Período,Novo,19.9.2025,Em uso,370,"R$ 365,69",cadeiras novas - Empenho 2024NE002938 12/12/2024 Efisco: 482487-3
4407020005722025,Móveis/Utensílios,Cadeira,Universitária Executiva com prancheta - preta,-,Sala de Aula,2º Período,Novo,19.9.2025,Em uso,370,"R$ 365,69",cadeiras novas - Empenho 2024NE002938 12/12/2024 Efisco: 482487-3
4407020005732025,Móveis/Utensílios,Cadeira,Universitária Executiva com prancheta - preta,-,Sala de Aula,2º Período,Novo,19.9.2025,Em uso,370,"R$ 365,69",cadeiras novas - Empenho 2024NE002938 12/12/2024 Efisco: 482487-3
4407020005742025,Móveis/Utensílios,Cadeira,Universitária Executiva com prancheta - preta,-,Sala de Aula,2º Período,Novo,19.9.2025,Em uso,370,"R$ 365,69",cadeiras novas - Empenho 2024NE002938 12/12/2024 Efisco: 482487-3
4407020005752025,Móveis/Utensílios,Cadeira,Universitária Executiva com prancheta - preta,-,Sala de Aula,2º Período,Novo,19.9.2025,Em uso,370,"R$ 365,69",cadeiras novas - Empenho 2024NE002938 12/12/2024 Efisco: 482487-3
4407020005762025,Móveis/Utensílios,Cadeira,Universitária Executiva com prancheta - preta,-,Sala de Aula,2º Período,Novo,19.9.2025,Em uso,370,"R$ 365,69",cadeiras novas - Empenho 2024NE002938 12/12/2024 Efisco: 482487-3
4407020005772025,Móveis/Utensílios,Cadeira,Universitária Executiva com prancheta - preta,-,Sala de Aula,2º Período,Novo,19.9.2025,Em uso,370,"R$ 365,69",cadeiras novas - Empenho 2024NE002938 12/12/2024 Efisco: 482487-3
4407020005782025,Móveis/Utensílios,Cadeira,Universitária Executiva com prancheta - preta,-,Sala de Aula,2º Período,Novo,19.9.2025,Em uso,370,"R$ 365,69",cadeiras novas - Empenho 2024NE002938 12/12/2024 Efisco: 482487-3
4407020005792025,Móveis/Utensílios,Cadeira,Universitária Executiva com prancheta - preta,-,Sala de Aula,2º Período,Novo,19.9.2025,Em uso,370,"R$ 365,69",cadeiras novas - Empenho 2024NE002938 12/12/2024 Efisco: 482487-3
4407020005802025,Móveis/Utensílios,Cadeira,Universitária Executiva com prancheta - preta,-,Sala de Aula,2º Período,Novo,19.9.2025,Em uso,370,"R$ 365,69",cadeiras novas - Empenho 2024NE002938 12/12/2024 Efisco: 482487-3
4407020005812025,Móveis/Utensílios,Cadeira,Universitária Executiva com prancheta - preta,-,Sala de Aula,2º Período,Novo,19.9.2025,Em uso,370,"R$ 365,69",cadeiras novas - Empenho 2024NE002938 12/12/2024 Efisco: 482487-3
4407020005822025,Móveis/Utensílios,Cadeira,Universitária Executiva com prancheta - preta,-,Sala de Aula,2º Período,Novo,19.9.2025,Em uso,370,"R$ 365,69",cadeiras novas - Empenho 2024NE002938 12/12/2024 Efisco: 482487-3
4407020005832025,Móveis/Utensílios,Cadeira,Universitária Executiva com prancheta - preta,-,Sala de Aula,2º Período,Novo,19.9.2025,Em uso,370,"R$ 365,69",cadeiras novas - Empenho 2024NE002938 12/12/2024 Efisco: 482487-3
4407020005842025,Móveis/Utensílios,Cadeira,Universitária Executiva com prancheta - preta,-,Sala de Aula,2º Período,Novo,19.9.2025,Em uso,370,"R$ 365,69",cadeiras novas - Empenho 2024NE002938 12/12/2024 Efisco: 482487-3
4407020005852025,Móveis/Utensílios,Cadeira,Universitária Executiva com prancheta - preta,-,Sala de Aula,2º Período,Novo,19.9.2025,Em uso,370,"R$ 365,69",cadeiras novas - Empenho 2024NE002938 12/12/2024 Efisco: 482487-3
4407020005862025,Móveis/Utensílios,Cadeira,Universitária Executiva com prancheta - preta,-,Sala de Aula,2º Período,Novo,19.9.2025,Em uso,370,"R$ 365,69",cadeiras novas - Empenho 2024NE002938 12/12/2024 Efisco: 482487-3
4407020005872025,Móveis/Utensílios,Cadeira,Universitária Executiva com prancheta - preta,-,Sala de Aula,2º Período,Novo,19.9.2025,Em uso,370,"R$ 365,69",cadeiras novas - Empenho 2024NE002938 12/12/2024 Efisco: 482487-3
4407020005882025,Móveis/Utensílios,Cadeira,Universitária Executiva com prancheta - preta,-,Sala de Aula,2º Período,Novo,19.9.2025,Em uso,370,"R$ 365,69",cadeiras novas - Empenho 2024NE002938 12/12/2024 Efisco: 482487-3
4407020005892025,Móveis/Utensílios,Cadeira,Universitária Executiva com prancheta - preta,-,Sala de Aula,2º Período,Novo,19.9.2025,Em uso,370,"R$ 365,69",cadeiras novas - Empenho 2024NE002938 12/12/2024 Efisco: 482487-3
4407020005902025,Móveis/Utensílios,Cadeira,Universitária Executiva com prancheta - preta,-,Sala de Aula,2º Período,Novo,19.9.2025,Em uso,370,"R$ 365,69",cadeiras novas - Empenho 2024NE002938 12/12/2024 Efisco: 482487-3
4407020005912025,Móveis/Utensílios,Cadeira,Universitária Executiva com prancheta - preta,-,Sala de Aula,2º Período,Novo,19.9.2025,Em uso,370,"R$ 365,69",cadeiras novas - Empenho 2024NE002938 12/12/2024 Efisco: 482487-3
4407020005922025,Móveis/Utensílios,Cadeira,Universitária Executiva com prancheta - preta,-,Sala de Aula,2º Período,Novo,19.9.2025,Em uso,370,"R$ 365,69",cadeiras novas - Empenho 2024NE002938 12/12/2024 Efisco: 482487-3
4407020005932025,Móveis/Utensílios,Cadeira,Universitária Executiva com prancheta - preta,-,Sala de Aula,2º Período,Novo,19.9.2025,Em uso,370,"R$ 365,69",cadeiras novas - Empenho 2024NE002938 12/12/2024 Efisco: 482487-3
4407020005942025,Móveis/Utensílios,Cadeira,Universitária Executiva com prancheta - preta,-,Sala de Aula,2º Período,Novo,19.9.2025,Em uso,370,"R$ 365,69",cadeiras novas - Empenho 2024NE002938 12/12/2024 Efisco: 482487-3
4407020005952025,Móveis/Utensílios,Cadeira,Universitária Executiva com prancheta - preta,-,Sala de Aula,2º Período,Novo,19.9.2025,Em uso,370,"R$ 365,69",cadeiras novas - Empenho 2024NE002938 12/12/2024 Efisco: 482487-3
4407020005962025,Móveis/Utensílios,Cadeira,Universitária Executiva com prancheta - preta,-,Sala de Aula,2º Período,Novo,19.9.2025,Em uso,370,"R$ 365,69",cadeiras novas - Empenho 2024NE002938 12/12/2024 Efisco: 482487-3
4407020005972025,Móveis/Utensílios,Cadeira,Universitária Executiva com prancheta - preta,-,Sala de Aula,2º Período,Novo,19.9.2025,Em uso,370,"R$ 365,69",cadeiras novas - Empenho 2024NE002938 12/12/2024 Efisco: 482487-3
4407020005982025,Móveis/Utensílios,Cadeira,Universitária Executiva com prancheta - preta,-,Sala de Aula,2º Período,Novo,19.9.2025,Em uso,370,"R$ 365,69",cadeiras novas - Empenho 2024NE002938 12/12/2024 Efisco: 482487-3
4407020005992025,Móveis/Utensílios,Cadeira,Universitária Executiva com prancheta - preta,-,Sala de Aula,2º Período,Novo,19.9.2025,Em uso,370,"R$ 365,69",cadeiras novas - Empenho 2024NE002938 12/12/2024 Efisco: 482487-3
4407020006002025,Móveis/Utensílios,Cadeira,Universitária Executiva com prancheta - preta,-,Sala de Aula,2º Período,Novo,19.9.2025,Em uso,370,"R$ 365,69",cadeiras novas - Empenho 2024NE002938 12/12/2024 Efisco: 482487-3
4407020006012025,Móveis/Utensílios,Cadeira,Universitária Executiva com prancheta - preta,-,Sala de Aula,2º Período,Novo,19.9.2025,Em uso,370,"R$ 365,69",cadeiras novas - Empenho 2024NE002938 12/12/2024 Efisco: 482487-3
4407020006022025,Móveis/Utensílios,Cadeira,Universitária Executiva com prancheta - preta,-,Sala de Aula,2º Período,Novo,19.9.2025,Em uso,370,"R$ 365,69",cadeiras novas - Empenho 2024NE002938 12/12/2024 Efisco: 482487-3
4407020006032025,Móveis/Utensílios,Cadeira,Universitária Executiva com prancheta - preta,-,Sala de Aula,2º Período,Novo,19.9.2025,Em uso,370,"R$ 365,69",cadeiras novas - Empenho 2024NE002938 12/12/2024 Efisco: 482487-3
4407020006042025,Móveis/Utensílios,Cadeira,Universitária Executiva com prancheta - preta,-,Sala de Aula,2º Período,Novo,19.9.2025,Em uso,370,"R$ 365,69",cadeiras novas - Empenho 2024NE002938 12/12/2024 Efisco: 482487-3
4407020009092024,Móveis/Utensílios,Cadeira,Giratória sem braço em tecido,-,Sala de Aula,2º periodo,Novo,17.12.2024,Em uso,000.002.016,"R$ 385,00",cadeira nova
4407020006692024,Móveis/Utensílios,Mesa,Retangular Preta (1200x745x600) mm,-,Administrativo,Setorial de Graduação,Novo,21.11.2024,Em uso,000.002.507,"R$ 975,50",-
sem patrimônio,Equipamentos de Informática,Projetor,Epson Lcd Power Lite x29,-,Sala de Aula,2º periodo,Bom,-,Em uso,-,-,"Foi para sala do Patrimônio em, 31/03/2026."
4407020006242024,Equipamentos de Informática,Projetor,5000 Lumens Brazil M18-W BPC1080P,-,Sala de Aula,2º periodo,Novo,24.10.2024,Em uso,69,"R$ 1.294,60",Transferido para ser instalado na sala do 2º periodo
sem patrimônio,Equipamentos,Evaporador de Ar,Carrier 36.000 Btu/h,-,Sala de Aula,2º periodo,Regular,-,Em uso,-,-,-
sem patrimônio,Equipamentos,Condesador de Ar,Carrier 36.000 Btu/h,-,Sala de Aula,2º periodo,Regular,-,Em uso,-,-,-
4407020009092022,Equipamentos,Caixa de ventilação,FILBOX 150 QUAD - G4/M5,,Sala de Aula,3º Período,Novo,06.09.2022,Em uso,000.050.157,"R$ 450,00",-
4407020009232022,Equipamentos,Exaustor Axial,SICFLUX MAXX 150 - 220V,,Sala de Aula,3º Período,Novo,06.09.2022,Em uso,000.050.157,"R$ 480,00",-
sem patrimônio,Equipamentos de Informática,Projetor,BENQ,Eng. de Produção CAA - UFPE,Sala de Aula,3º periodo,Bom,-,Em uso,-,-,"Foi para sala do Patrimônio em, 31/03/2026."
sem patrimônio,Móveis e Utensílios,Cadeiras,41 unidades com braço,-,Sala de Aula,3º periodo,Bom,-,Em uso,-,-,1 unidade sem braço
4407020009102024,Móveis e Utensílios,Cadeira,Giratória sem braço em tecido,-,Sala de Aula,3º periodo,Novo,17.12.2024,Em uso,000.002.016,"R$ 385,00",cadeira nova
4407020006732024,Moveis/Utensílios,Mesa,Retangular(1200x745x600) mm,-,Sala de Aula,3º periodo,Novo,21.11.2024,Em uso,000.002.507,"R$ 975,00",-
4407020006222024,Equipamentos de Informática,Projetor,5000 Lumens Brazil M18-W BPC1080P,-,Sala de Aula,3º periodo,Novo,24.10.2024,Em uso,69,"R$ 1.294,60","Equipamento instalado em, 31/03/2026."
sem patrimônio,Equipamentos,Evaporador de Ar,Midea 24.000btu/h,-,Sala de Aula,3º periodo,Bom,-,Em uso,-,-,-
sem patrimônio,Equipamentos,Condensador de Ar,Midea 24.000btu/h,-,Sala de Aula,3º periodo,Bom,-,Em uso,-,-,-
4407020007442025,Móveis/Utensílios,Quadro/Lousa,"Branco,magnetico,em vidro temperado, espessura de 6,0mm, 100x200 cm (axl)
",-,Sala de Aula,3º periodo,Novo,05.12.2025,Em uso,119,"R$ 1.822,44",Substituiu os quadros antigos
4407020007452025,Móveis/Utensílios,Quadro/Lousa,"Branco,magnetico,em vidro temperado, espessura de 6,0mm, 100x200 cm (axl)
",-,Sala de Aula,3º periodo,Novo,05.12.2025,Em uso,119,"R$ 1.822,44",Substituiu os quadros antigos
4407020009082022,Equipamentos,Caixa de ventilação,FILBOX 150 QUAD - G4/M5,,Sala de Aula,Sala de Convivência - Antiga Sala (4º Período),Novo,06.09.2022,Em uso,000.050.157,"R$ 450,00",-
4407020009242022,Equipamentos,Exaustor Axial,SICFLUX MAXX 150 - 220V,,Sala de Aula,Sala de Convivência - Antiga Sala (4º Período),Novo,06.09.2022,Em uso,000.050.157,"R$ 480,00",-
4407020023092022,Equipamentos de Informática,Access Point,Ruckus Zone Flex R610,-,Área de convivência,Sala de Convivência - Antiga Sala (4º Período),Novo,-,Em uso,-,-,-
sem patrimônio,Equipamentos de Informática,Projetor,BENQ,-,Sala de Aula,Sala de Convivência - Antiga Sala (4º Período),Bom,-,Em uso,-,-,-
sem patrimônio,Móveis e Utensílios,Cadeiras,11 unidades com braço / 17 unidades sem braço,-,Sala de Aula,Sala de Convivência - Antiga Sala (4º Período),Bom,-,Em uso,-,-,
5797 POLI 07,Móveis e Utensílios,Mesa,Circular (120 diametro x 79altura)cm,-,Sala de Aula,Sala de Convivência - Antiga Sala (4º Período),Bom,-,Em uso,-,-,
sem patrimônio,Móveis e Utensílios,Mesa,Circular (120cm diametro) x (78cm altura),-,Sala de Aula,Sala de Convivência - Antiga Sala (4º Período),Bom,-,Em uso,-,-,foi transferido da sala da coordenação adm/planejamento dia 11/06/2026 - A pedido de prof. Robson
5798 POLI 07,Móveis e Utensílios,Mesa,Circular (120 diametro x 75 altura) cm,-,?,?,Bom,-,Em uso,-,-,Procura destino
sem patrimônio,Móveis e Utensílios,Lousa/Quadro,Branco (275x125)cm²,-,Sala de Aula,Sala de Convivência - Antiga Sala (4º Período),Bom,-,Em uso,-,-,-
sem patrimônio,Móveis e Utensílios,Lousa/Quadro,Branco (275x125)cm²,-,Sala de Aula,Sala de Convivência - Antiga Sala (4º Período),Bom,-,Em uso,-,-,-
sem patrimônio,Equipamentos,Evaporador de Ar,LG 24.000btu/h,-,Sala de Aula,Sala de Convivência - Antiga Sala (4º Período),Bom,-,Em uso,-,-,-
sem patrimônio,Equipamentos,Condensador de Ar,LG 24.000btu/h,-,Sala de Aula,Sala de Convivência - Antiga Sala (4º Período),Bom,-,Em uso,-,-,-
sem patrimônio,Móveis e Utensílios,Mesa,Retangular de madeira (220x75x75)cm²,-,Sala de Aula,Sala de Convivência - Antiga Sala (4º Período),Bom,-,No estoque,-,-,Transferido do laboratório de inovação para o 4º período. 18/08/2023
sem patrimônio,Móveis e Utensílios,Mesa,Retangular (120x40x75)cm²,-,Sala de Aula,Sala de Convivência - Antiga Sala (4º Período),Bom,-,Em uso,-,-,foi transferido a pedido de Robson para o café dos alunos dia 18/07/2024
5799 POLI 07,Móveis e Utensílios,Mesa,Circular (120 diametro x 79altura)cm,-,Sala de atendimento,Sala de atendimento ao aluno,Bom,-,Em uso,-,-,Sala de Atendimentop ao aluno
5802 POLI 07,Móveis e Utensílios,Mesa,Circular (120 diametro x 79altura)cm,-,Sala de Aula,Sala de Convivência - Antiga Sala (4º Período),Bom,-,Em uso,-,-,Transferido da biblioteca para 4º período - 17/08/2024
4407020009062022,Equipamentos,Caixa de ventilação,FILBOX 150 QUAD - G4/M5,,Sala de Aula,Sala Integrada,Novo,06.09.2022,Em uso,000.050.157,"R$ 450,00",-
4407020009252022,Equipamentos,Exaustor Axial,SICFLUX MAXX 150 - 220V,,Sala de Aula,Sala Integrada,Novo,06.09.2022,Em uso,000.050.157,"R$ 480,00",-
sem patrimônio,Equipamentos de Informática,Projetor,BENQ,-,Sala de Aula,Sala Integrada,Bom,-,Em uso,-,-,-
sem patrimônio,Móveis e Utensílios,Cadeiras,25 unidades com braço / 1 unidade sem braço,-,Sala de Aula,Sala Integrada,Bom,-,Em uso,-,-,-
4407020009492024,Móveis e Utensílios,Cadeira,Giratória sem braço em tecido,-,Sala de Aula,Sala Integrada,Novo,17.12.2024,Em uso,000.002.016,"R$ 385,00",cadeira nova
4407020009502024,Móveis e Utensílios,Cadeira,Giratória sem braço em tecido,-,Sala de Aula,Sala Integrada,Novo,17.12.2024,Em uso,000.002.016,"R$ 385,00",cadeira nova
4407020009512024,Móveis e Utensílios,Cadeira,Giratória sem braço em tecido,-,Sala de Aula,Sala Integrada,Novo,17.12.2024,Em uso,000.002.016,"R$ 385,00",cadeira nova
4407020009522024,Móveis e Utensílios,Cadeira,Giratória sem braço em tecido,-,Sala de Aula,Sala Integrada,Novo,17.12.2024,Em uso,000.002.016,"R$ 385,00",cadeira nova
4407020009532024,Móveis e Utensílios,Cadeira,Giratória sem braço em tecido,-,Sala de Aula,Sala Integrada,Novo,17.12.2024,Em uso,000.002.016,"R$ 385,00",cadeira nova
4407020009542024,Móveis e Utensílios,Cadeira,Giratória sem braço em tecido,-,Sala de Aula,Sala Integrada,Novo,17.12.2024,Em uso,000.002.016,"R$ 385,00",cadeira nova
4407020009552024,Móveis e Utensílios,Cadeira,Giratória sem braço em tecido,-,Sala de Aula,Sala Integrada,Novo,17.12.2024,Em uso,000.002.016,"R$ 385,00",cadeira nova
4407020009562024,Móveis e Utensílios,Cadeira,Giratória sem braço em tecido,-,Sala de Aula,Sala Integrada,Novo,17.12.2024,Em uso,000.002.016,"R$ 385,00",cadeira nova
4407020009572024,Móveis e Utensílios,Cadeira,Giratória sem braço em tecido,-,Sala de Aula,Sala Integrada,Novo,17.12.2024,Em uso,000.002.016,"R$ 385,00",cadeira nova
4407020006742024,Móveis e Utensílios,Mesa,Retangular (1200x745x600) mm,-,Sala de Aula,Sala Integrada,Novo,21.11.2024,Em uso,000.002.507,"R$ 975,50",-
4407020006752024,Móveis e Utensílios,Mesa,Retangular (1200x745x600) mm,-,Sala de Aula,Sala Integrada,Novo,21.11.2024,Em uso,000.002.507,"R$ 975,50",-
4407020006762024,Móveis e Utensílios,Mesa,Retangular (1200x745x600) mm,-,Sala de Aula,Sala Integrada,Novo,21.11.2024,Em uso,000.002.507,"R$ 975,50",-
4407020006772024,Móveis e Utensílios,Mesa,Retangular (1200x745x600) mm,-,Sala de Aula,Sala Integrada,Novo,21.11.2024,Em uso,000.002.507,"R$ 975,50",-
4407020007462025,Móveis/Utensílios,Quadro/Lousa,"Branco,magnetico,em vidro temperado, espessura de 6,0mm, 100x200 cm (axl)
",-,Sala de Aula,Sala Integrada,Novo,05.12.2025,Em uso,119,"R$ 1.822,44",Substituiu os quadros antigos
4407020007472025,Móveis/Utensílios,Quadro/Lousa,"Branco,magnetico,em vidro temperado, espessura de 6,0mm, 100x200 cm (axl)
",-,Sala de Aula,Sala Integrada,Novo,05.12.2025,Em uso,119,"R$ 1.822,44",Substituiu os quadros antigos
sem patrimônio,Equipamentos,Evaporador de Ar,Midea 24.000btu/h,-,Sala de Aula,Sala Integrada,Bom,-,Em uso,-,-,-
sem patrimônio,Equipamentos,Condesador de Ar,Midea 24.000btu/h,-,Sala de Aula,Sala Integrada,Bom,-,Em uso,-,-,-
4407020006522024,Equipamento de Informática,Notebook,"Dell Latitude 14"" 3450 ( i7-1355U RAM 16GB, SSD 256GB)",,Sala de Aula,Sala Integrada,Novo,19.11.2024,Em uso,107322,"R$ 7.700,00",Solicitado por Mirele/ Robson para ser usado na sala de Aula 5º periodo na data 08/05/2025
4407020006532024,Equipamento de Informática,Notebook,"Dell Latitude 14"" 3450 ( i7-1355U RAM 16GB, SSD 256GB)",,Sala de Aula,Sala Integrada,Novo,19.11.2024,Em uso,107322,"R$ 7.700,00",Solicitado por Mirele/ Robson para ser usado na sala de Aula 5º periodo na data 08/05/2025
4407020006542024,Equipamento de Informática,Notebook,"Dell Latitude 14"" 3450 ( i7-1355U RAM 16GB, SSD 256GB)",,Sala de Aula,Sala Integrada,Novo,19.11.2024,Em uso,107322,"R$ 7.700,00",Solicitado por Mirele/ Robson para ser usado na sala de Aula 5º periodo na data 08/05/2025
4407020006552024,Equipamento de Informática,Notebook,"Dell Latitude 14"" 3450 ( i7-1355U RAM 16GB, SSD 256GB)",,Sala de Aula,Sala Integrada,Novo,19.11.2024,Em uso,107322,"R$ 7.700,00",Solicitado por Mirele/ Robson para ser usado na sala de Aula 5º periodo na data 08/05/2025
4407020006562024,Equipamento de Informática,Notebook,"Dell Latitude 14"" 3450 ( i7-1355U RAM 16GB, SSD 256GB)",,Sala de Aula,Sala Integrada,Novo,19.11.2024,Em uso,107322,"R$ 7.700,00",Solicitado por Mirele/ Robson para ser usado na sala de Aula 5º periodo na data 08/05/2025
4407020006572024,Equipamento de Informática,Notebook,"Dell Latitude 14"" 3450 ( i7-1355U RAM 16GB, SSD 256GB)",,Sala de Aula,Sala Integrada,Novo,19.11.2024,Em uso,107322,"R$ 7.700,00",Solicitado por Mirele/ Robson para ser usado na sala de Aula 5º periodo na data 08/05/2025
4407020006582024,Equipamento de Informática,Notebook,"Dell Latitude 14"" 3450 ( i7-1355U RAM 16GB, SSD 256GB)",,Sala de Aula,Sala Integrada,Novo,19.11.2024,Em uso,107322,"R$ 7.700,00",Solicitado por Mirele/ Robson para ser usado na sala de Aula 5º periodo na data 08/05/2025
4407020006592024,Equipamento de Informática,Notebook,"Dell Latitude 14"" 3450 ( i7-1355U RAM 16GB, SSD 256GB)",,Sala de Aula,Sala Integrada,Novo,19.11.2024,Em uso,107322,"R$ 7.700,00",Solicitado por Mirele/ Robson para ser usado na sala de Aula 5º periodo na data 08/05/2025
4407020006192024,Equipamentos de Informática,Projetor,5000 Lumens Brazil M18-W BPC1080P,-,Sala de Aula,Sala Integrada,Novo,24.10.2024,Em uso,69,"R$ 1.294,60",Transferido a pedido da professora Mirele 
4407020009072022,Equipamentos,Caixa de ventilação,FILBOX 150 QUAD - G4/M5,,Sala de Aula,Sala das Pós - PPGEC,Novo,06.09.2022,Em uso,000.050.157,"R$ 450,00",-
4407020009262022,Equipamentos,Exaustor Axial,SICFLUX MAXX 150 - 220V,,Sala de Aula,Sala das Pós - PPGEC,Novo,06.09.2022,Em uso,000.050.157,"R$ 480,00",-
sem patrimônio,Equipamentos de Informática,Projetor,BENQ,-,Sala de Aula,Sala das Pós - PPGEC,Bom,-,Em uso,-,-,-
4407020000624026,Equipamento de Informatica,Computador (CPU),Lenovo M75q Gen2 ThinkCenter,,Sala de Aula,Sala das Pós - PPGEC,Novo,19-12-2025,Em uso,000014902,"R$ 2.279,00",empenho 2025NE003782 - Meta prioritária Int. da pós graduação.
,,,,,,Sala das Pós - PPGEC,,,,,,
sem patrimônio,Móveis e Utensílios,Cadeiras,43 unidades com braço - olhar as observações,-,Sala de Aula,Sala das Pós - PPGEC,Bom,-,Em uso,-,-,2 unidades sem braço - transferidas para o corredor
sem patrimônio,Móveis e Utensílios,Mesa,Retangular (137x60x75)cm²,-,Sala de Aula,Sala das Pós - PPGEC,Bom,-,Em uso,-,-,-
4407020005072026,Móveis e Utensílios,Mesa,Retangular (140x60x74)cm,-,Sala de Aula,Sala das Pós - PPGEC,Novo,22/12/2025,Em uso,000.649,"R$ 1.230,00",SEI: 0040608322.000070/2025-86 Empenho: 2025NE004178 28/11/2025 Efisco:482120-3 Bem relacionado à meta prioritária
4407020005082026,Móveis e Utensílios,Mesa,Retangular (140x60x74)cm,-,Sala de Aula,Sala das Pós - PPGEC,Novo,22-12-2025,Em uso,000.649,"R$ 1.230,00",SEI: 0040608322.000070/2025-86 Empenho: 2025NE004178 28/11/2025 Efisco:482120-3 Bem relacionado à meta prioritária
4407020005092026,Móveis e Utensílios,Mesa,Retangular (140x60x74)cm,-,Sala de Aula,Sala das Pós - PPGEC,Novo,22/12/2025,Em uso,000.649,"R$ 1.230,00",SEI: 0040608322.000070/2025-86 Empenho: 2025NE004178 28/11/2025 Efisco:482120-3 Bem relacionado à meta prioritária
4407020005102026,Móveis e Utensílios,Mesa,Retangular (140x60x74)cm,-,Sala de Aula,Sala das Pós - PPGEC,Novo,22-12-2025,Em uso,000.649,"R$ 1.230,00",SEI: 0040608322.000070/2025-86 Empenho: 2025NE004178 28/11/2025 Efisco:482120-3 Bem relacionado à meta prioritária
4407020005112026,Móveis e Utensílios,Mesa,Retangular (140x60x74)cm,-,Sala de Aula,Sala das Pós - PPGEC,Novo,22/12/2025,Em uso,000.649,"R$ 1.230,00",SEI: 0040608322.000070/2025-86 Empenho: 2025NE004178 28/11/2025 Efisco:482120-3 Bem relacionado à meta prioritária
4407020005122026,Móveis e Utensílios,Mesa,Retangular (140x60x74)cm,-,Sala de Aula,Sala das Pós - PPGEC,Novo,22-12-2025,Em uso,000.649,"R$ 1.230,00",SEI: 0040608322.000070/2025-86 Empenho: 2025NE004178 28/11/2025 Efisco:482120-3 Bem relacionado à meta prioritária
4407020005132026,Móveis e Utensílios,Mesa,Retangular (140x60x74)cm,-,Sala de Aula,Sala das Pós - PPGEC,Novo,22/12/2025,Em uso,000.649,"R$ 1.230,00",SEI: 0040608322.000070/2025-86 Empenho: 2025NE004178 28/11/2025 Efisco:482120-3 Bem relacionado à meta prioritária
4407020005142026,Móveis e Utensílios,Mesa,Retangular (140x60x74)cm,-,Sala de Aula,Sala das Pós - PPGEC,Novo,22-12-2025,Em uso,000.649,"R$ 1.230,00",SEI: 0040608322.000070/2025-86 Empenho: 2025NE004178 28/11/2025 Efisco:482120-3 Bem relacionado à meta prioritária
4407020005152026,Móveis e Utensílios,Mesa,Retangular (140x60x74)cm,-,Sala de Aula,Sala das Pós - PPGEC,Novo,22/12/2025,Em uso,000.649,"R$ 1.230,00",SEI: 0040608322.000070/2025-86 Empenho: 2025NE004178 28/11/2025 Efisco:482120-3 Bem relacionado à meta prioritária
4407020005162026,Móveis e Utensílios,Mesa,Retangular (140x60x74)cm,-,Sala de Aula,Sala das Pós - PPGEC,Novo,22-12-2025,Em uso,000.649,"R$ 1.230,00",SEI: 0040608322.000070/2025-86 Empenho: 2025NE004178 28/11/2025 Efisco:482120-3 Bem relacionado à meta prioritária
sem patrimônio,Móveis e Utensílios,Lousa/Quadro,Branco (275x125)cm²,-,Sala de Aula,Sala das Pós - PPGEC,Bom,-,Em uso,-,-,-
sem patrimônio,Móveis e Utensílios,Lousa/Quadro,Branco (275x125)cm²,-,Sala de Aula,Sala das Pós - PPGEC,Bom,-,Em uso,-,-,-
sem patrimônio,Equipamentos,Evaporador de Ar,LG 24.000btu/h,-,Sala de Aula,Sala das Pós - PPGEC,Bom,-,Em uso,-,-,-
sem patrimônio,Equipamentos,Condesador de Ar,LG 24.000btu/h,-,Sala de Aula,Sala das Pós - PPGEC,Bom,-,Em uso,-,-,-
4407020008162025,Móveis e Utensílios,Cadeira,Operacional Giratória tipo diretor,-,Sala de Aula,Sala das Pós - PPGEC,Novo,16-12-2025,Em uso,000.001.206,"R$ 798,20",Bens relacionado a meta prioritária - Pós graduação. Empenho 2025NE004177 Efisco: 554143-3
4407020008172025,Móveis e Utensílios,Cadeira,Operacional Giratória tipo diretor,-,Sala de Aula,Sala das Pós - PPGEC,Novo,16-12-2025,Em uso,000.001.206,"R$ 798,20",Bens relacionado a meta prioritária - Pós graduação. Empenho 2025NE004177 Efisco: 554143-3
4407020008182025,Móveis e Utensílios,Cadeira,Operacional Giratória tipo diretor,-,Sala de Aula,Sala das Pós - PPGEC,Novo,16-12-2025,Em uso,000.001.206,"R$ 798,20",Bens relacionado a meta prioritária - Pós graduação. Empenho 2025NE004177 Efisco: 554143-3
4407020008192025,Móveis e Utensílios,Cadeira,Operacional Giratória tipo diretor,-,Sala de Aula,Sala das Pós - PPGEC,Novo,16-12-2025,Em uso,000.001.206,"R$ 798,20",Bens relacionado a meta prioritária - Pós graduação. Empenho 2025NE004177 Efisco: 554143-3
4407020008202025,Móveis e Utensílios,Cadeira,Operacional Giratória tipo diretor,-,Sala de Aula,Sala das Pós - PPGEC,Novo,16-12-2025,Em uso,000.001.206,"R$ 798,20",Bens relacionado a meta prioritária - Pós graduação. Empenho 2025NE004177 Efisco: 554143-3
4407020008212025,Móveis e Utensílios,Cadeira,Operacional Giratória tipo diretor,-,Sala de Aula,Sala das Pós - PPGEC,Novo,16-12-2025,Em uso,000.001.206,"R$ 798,20",Bens relacionado a meta prioritária - Pós graduação. Empenho 2025NE004177 Efisco: 554143-3
4407020008222025,Móveis e Utensílios,Cadeira,Operacional Giratória tipo diretor,-,Sala de Aula,Sala das Pós - PPGEC,Novo,16-12-2025,Em uso,000.001.206,"R$ 798,20",Bens relacionado a meta prioritária - Pós graduação. Empenho 2025NE004177 Efisco: 554143-3
4407020008232025,Móveis e Utensílios,Cadeira,Operacional Giratória tipo diretor,-,Sala de Aula,Sala das Pós - PPGEC,Novo,16-12-2025,Em uso,000.001.206,"R$ 798,20",Bens relacionado a meta prioritária - Pós graduação. Empenho 2025NE004177 Efisco: 554143-3
4407020008242025,Móveis e Utensílios,Cadeira,Operacional Giratória tipo diretor,-,Sala de Aula,Sala das Pós - PPGEC,Novo,16-12-2025,Em uso,000.001.206,"R$ 798,20",Bens relacionado a meta prioritária - Pós graduação. Empenho 2025NE004177 Efisco: 554143-3
4407020008252025,Móveis e Utensílios,Cadeira,Operacional Giratória tipo diretor,-,Sala de Aula,Sala das Pós - PPGEC,Novo,16-12-2025,Em uso,000.001.206,"R$ 798,20",Bens relacionado a meta prioritária - Pós graduação. Empenho 2025NE004177 Efisco: 554143-3
4407020008262025,Móveis e Utensílios,Cadeira,Operacional Giratória tipo diretor,-,Sala de Aula,Sala das Pós - PPGEC,Novo,16-12-2025,Em uso,000.001.206,"R$ 798,20",Bens relacionado a meta prioritária - Pós graduação. Empenho 2025NE004177 Efisco: 554143-3
4407020008272025,Móveis e Utensílios,Cadeira,Operacional Giratória tipo diretor,-,Sala de Aula,Sala das Pós - PPGEC,Novo,16-12-2025,Em uso,000.001.206,"R$ 798,20",Bens relacionado a meta prioritária - Pós graduação. Empenho 2025NE004177 Efisco: 554143-3
4407020008282025,Móveis e Utensílios,Cadeira,Operacional Giratória tipo diretor,-,Sala de Aula,Sala das Pós - PPGEC,Novo,16-12-2025,Em uso,000.001.206,"R$ 798,20",Bens relacionado a meta prioritária - Pós graduação. Empenho 2025NE004177 Efisco: 554143-3
4407020008292025,Móveis e Utensílios,Cadeira,Operacional Giratória tipo diretor,-,Sala de Aula,Sala das Pós - PPGEC,Novo,16-12-2025,Em uso,000.001.206,"R$ 798,20",Bens relacionado a meta prioritária - Pós graduação. Empenho 2025NE004177 Efisco: 554143-3
4407020008302025,Móveis e Utensílios,Cadeira,Operacional Giratória tipo diretor,-,Sala de Aula,Sala das Pós - PPGEC,Novo,16-12-2025,Em uso,000.001.206,"R$ 798,20",Bens relacionado a meta prioritária - Pós graduação. Empenho 2025NE004177 Efisco: 554143-3
4407020008312025,Móveis e Utensílios,Cadeira,Operacional Giratória tipo diretor,-,Sala de Aula,Sala das Pós - PPGEC,Novo,16-12-2025,Em uso,000.001.206,"R$ 798,20",Bens relacionado a meta prioritária - Pós graduação. Empenho 2025NE004177 Efisco: 554143-3
4407020008322025,Móveis e Utensílios,Cadeira,Operacional Giratória tipo diretor,-,Sala de Aula,Sala das Pós - PPGEC,Novo,16-12-2025,Em uso,000.001.206,"R$ 798,20",Bens relacionado a meta prioritária - Pós graduação. Empenho 2025NE004177 Efisco: 554143-3
4407020008332025,Móveis e Utensílios,Cadeira,Operacional Giratória tipo diretor,-,Sala de Aula,Sala das Pós - PPGEC,Novo,16-12-2025,Em uso,000.001.206,"R$ 798,20",Bens relacionado a meta prioritária - Pós graduação. Empenho 2025NE004177 Efisco: 554143-3
4407020008342025,Móveis e Utensílios,Cadeira,Operacional Giratória tipo diretor,-,Sala de Aula,Sala das Pós - PPGEC,Novo,16-12-2025,Em uso,000.001.206,"R$ 798,20",Bens relacionado a meta prioritária - Pós graduação. Empenho 2025NE004177 Efisco: 554143-3
4407020008352025,Móveis e Utensílios,Cadeira,Operacional Giratória tipo diretor,-,Sala de Aula,Sala das Pós - PPGEC,Novo,16-12-2025,Em uso,000.001.206,"R$ 798,20",Bens relacionado a meta prioritária - Pós graduação. Empenho 2025NE004177 Efisco: 554143-3
4407020008362025,Móveis e Utensílios,Cadeira,Operacional Giratória tipo diretor,-,Sala de Aula,Sala das Pós - PPGEC,Novo,16-12-2025,Em uso,000.001.206,"R$ 798,20",Bens relacionado a meta prioritária - Pós graduação. Empenho 2025NE004177 Efisco: 554143-3
4407020008372025,Móveis e Utensílios,Cadeira,Operacional Giratória tipo diretor,-,Sala de Aula,Sala das Pós - PPGEC,Novo,16-12-2025,Em uso,000.001.206,"R$ 798,20",Bens relacionado a meta prioritária - Pós graduação. Empenho 2025NE004177 Efisco: 554143-3
4407020008382025,Móveis e Utensílios,Cadeira,Operacional Giratória tipo diretor,-,Sala de Aula,Sala das Pós - PPGEC,Novo,16-12-2025,Em uso,000.001.206,"R$ 798,20",Bens relacionado a meta prioritária - Pós graduação. Empenho 2025NE004177 Efisco: 554143-3
4407020008392025,Móveis e Utensílios,Cadeira,Operacional Giratória tipo diretor,-,Sala de Aula,Sala das Pós - PPGEC,Novo,16-12-2025,Em uso,000.001.206,"R$ 798,20",Bens relacionado a meta prioritária - Pós graduação. Empenho 2025NE004177 Efisco: 554143-3
4407020008402025,Móveis e Utensílios,Cadeira,Operacional Giratória tipo diretor,-,Sala de Aula,Sala das Pós - PPGEC,Novo,16-12-2025,Em uso,000.001.206,"R$ 798,20",Bens relacionado a meta prioritária - Pós graduação. Empenho 2025NE004177 Efisco: 554143-3
5989,Eletrodomestico,Televisão,CCE HPS 2991,POLI 07,Sala de Aula,Sala de Convivência,Danificado,-,Obsoleto,-,-,não sei se funciona
sem patrimônio,Áudio/Vídeo,Caixa de Som,FRAHM,-,Sala de Aula,Sala de Convivência,Regular,-,No estoque,-,-,não sei se funciona
4407020009192022,Equipamentos,Exaustor Axial,SICFLUX MAXX 150 - 220V,,Sala de Aula,Laboratório 01 - Antiga sala do 7º período,Novo,06.09.2022,Em uso,000.050.157,"R$ 480,00",-
4407020003622022,Equipamentos,Condensador de ar,ELGIN 36.000 BTUS,,Sala de Aula,Laboratório 01 - Antiga sala do 7º período,Novo,06.09.2022,Em uso,-,-,-
4407020003922022,Equipamentos,Evaporador de ar,ELGIN 36.000 BTUS,,Sala de Aula,Laboratório 01 - Antiga sala do 7º período,Novo,06.09.2022,Em uso,-,-,-
4407020001732025,Eletrodomestico,TV UHD,LG - LED 75 polegadas SMT 4K,IAUPE - 8833,Sala de Aula,Laboratório 01 - Antiga sala do 7º período,Novo,09/02/2025,Em uso,000.309.147,"R$ 5.679,00",
sem patrimônio,Suporte,SUPORTE Pedestral ,"ELG - com rodizios e 7 niveis re regulagem de altura TVS 32"" a 75"" AQ6V6_S",IAUPE,Sala de Aula,Laboratório 01 - Antiga sala do 7º período,Novo,08/05/2025,Em uso,000.204.553,"R$ 632,69",
4407020028662022,Equipamentos de informática,Gabinete (CPU),UDP Daten DC3E-S amd ryzen 3 4350G win10 Pro,,Sala de Aula,Laboratório 01 - Antiga sala do 7º período,Bom,19.01.2023,Em uso,000055484,"R$ 3.207,21",
4407020028472022,Equipamentos de informática,Gabinete (CPU),UDP Daten DC3E-S amd ryzen 3 4350G win10 Pro,,Sala de Aula,Laboratório 01 - Antiga sala do 7º período,Bom,19.01.2023,Em uso,000055484,"R$ 3.207,21",
4407020028442022,Equipamentos de informática,Gabinete (CPU),UDP Daten DC3E-S amd ryzen 3 4350G win10 Pro,,Sala de Aula,Laboratório 01 - Antiga sala do 7º período,Bom,19.01.2023,Em uso,000055484,"R$ 3.207,21",
4407020028402022,Equipamentos de informática,Gabinete (CPU),UDP Daten DC3E-S amd ryzen 3 4350G win10 Pro,,Sala de Aula,Laboratório 01 - Antiga sala do 7º período,Bom,19.01.2023,Em uso,000055484,"R$ 3.207,21",
4407020028582022,Equipamentos de informática,Gabinete (CPU),UDP Daten DC3E-S amd ryzen 3 4350G win10 Pro,,Sala de Aula,Laboratório 01 - Antiga sala do 7º período,Bom,19.01.2023,Em uso,000055484,"R$ 3.207,21",
4407020028732022,Equipamentos de informática,Gabinete (CPU),UDP Daten DC3E-S amd ryzen 3 4350G win10 Pro,,Sala de Aula,Laboratório 01 - Antiga sala do 7º período,Bom,19.01.2023,Em uso,000055484,"R$ 3.207,21",
4407020028502022,Equipamentos de informática,Gabinete (CPU),UDP Daten DC3E-S amd ryzen 3 4350G win10 Pro,,Sala de Aula,Laboratório 01 - Antiga sala do 7º período,Bom,19.01.2023,Em uso,000055484,"R$ 3.207,21",
4407020028852022,Equipamentos de informática,Gabinete (CPU),UDP Daten DC3E-S amd ryzen 3 4350G win10 Pro,,Sala de Aula,Laboratório 01 - Antiga sala do 7º período,Bom,19.01.2023,Em uso,000055484,"R$ 3.207,21",
4407020029062022,Equipamentos de informática,Gabinete (CPU),UDP Daten DC3E-S amd ryzen 3 4350G win10 Pro,,Sala de Aula,Laboratório 01 - Antiga sala do 7º período,Bom,19.01.2023,Em uso,000055484,"R$ 3.207,21",
4407020028512022,Equipamentos de informática,Gabinete (CPU),UDP Daten DC3E-S amd ryzen 3 4350G win10 Pro,,Sala de Aula,Laboratório 01 - Antiga sala do 7º período,Bom,19.01.2023,Em uso,000055484,"R$ 3.207,21",
4407020028962022,Equipamentos de informática,Gabinete (CPU),UDP Daten DC3E-S amd ryzen 3 4350G win10 Pro,,Sala de Aula,Laboratório 01 - Antiga sala do 7º período,Bom,19.01.2023,Em uso,000055484,"R$ 3.207,21",
4407020028632022,Equipamentos de informática,Gabinete (CPU),UDP Daten DC3E-S amd ryzen 3 4350G win10 Pro,,Sala de Aula,Laboratório 01 - Antiga sala do 7º período,Bom,19.01.2023,Em uso,000055484,"R$ 3.207,21",
4407020028932022,Equipamentos de informática,Gabinete (CPU),UDP Daten DC3E-S amd ryzen 3 4350G win10 Pro,,Sala de Aula,Laboratório 01 - Antiga sala do 7º período,Bom,19.01.2023,Em uso,000055484,"R$ 3.207,21",
4407020029112022,Equipamentos de informática,Gabinete (CPU),UDP Daten DC3E-S amd ryzen 3 4350G win10 Pro,,Sala de Aula,Laboratório 01 - Antiga sala do 7º período,Bom,19.01.2023,Em uso,000055484,"R$ 3.207,21",
4407020028992022,Equipamentos de informática,Gabinete (CPU),UDP Daten DC3E-S amd ryzen 3 4350G win10 Pro,,Sala de Aula,Laboratório 01 - Antiga sala do 7º período,Bom,19.01.2023,Em uso,000055484,"R$ 3.207,21",
4407020028372022,Equipamentos de informática,Gabinete (CPU),UDP Daten DC3E-S amd ryzen 3 4350G win10 Pro,-,Sala de Aula,Laboratório 01 - Antiga sala do 7º período,Bom,19.01.2023,Em uso,000055484,"R$ 3.207,21",transferido para o laboratório 01
4407020028942022,Equipamentos de informática,Gabinete (CPU),UDP Daten DC3E-S amd ryzen 3 4350G win10 Pro,-,Sala de Aula,Laboratório 01 - Antiga sala do 7º período,Bom,19.01.2023,Em uso,000055484,"R$ 3.207,21",transferido para o laboratório 01
4407020028572022,Equipamentos de informática,Gabinete (CPU),UDP Daten DC3E-S amd ryzen 3 4350G win10 Pro,-,Sala de Aula,Laboratório 01 - Antiga sala do 7º período,Bom,19.01.2023,Em uso,000055484,"R$ 3.207,21",transferido para o laboratório 01
4407020028872022,Equipamentos de informática,Gabinete (CPU),UDP Daten DC3E-S amd ryzen 3 4350G win10 Pro,-,Sala de Aula,Laboratório 01 - Antiga sala do 7º período,Bom,19.01.2023,Em uso,000055484,"R$ 3.207,21",transferido para o laboratório 01
4407020028892022,Equipamentos de informática,Gabinete (CPU),UDP Daten DC3E-S amd ryzen 3 4350G win10 Pro,-,Sala de Aula,Laboratório 01 - Antiga sala do 7º período,Bom,19.01.2023,Em uso,000055484,"R$ 3.207,21",transferido para o laboratório 01
4407020028422022,Equipamentos de informática,Gabinete (CPU),UDP Daten DC3E-S amd ryzen 3 4350G win10 Pro,-,Sala de Aula,Laboratório 01 - Antiga sala do 7º período,Bom,19.01.2023,Em uso,000055484,"R$ 3.207,21",transferido para o laboratório 01
4407020028842022,Equipamentos de informática,Gabinete (CPU),UDP Daten DC3E-S amd ryzen 3 4350G win10 Pro,-,Sala de Aula,Laboratório 01 - Antiga sala do 7º período,Bom,19.01.2023,Em uso,000055484,"R$ 3.207,21",Transferido para o laboratório 01
4407020038312022,Equipamentos de informática,Monitor,"LG 23,8 LED 24MP400-B(Hdmi, vga, versa,freesync, 75 hz,1980x1080 full hd ips)",,Sala de Aula,Laboratório 01 - Antiga sala do 7º período,Bom,19.01.2023,Em uso,000674663,"R$ 1.145,00",
4407020038302022,Equipamentos de informática,Monitor,"LG 23,8 LED 24MP400-B(Hdmi, vga, versa,freesync, 75 hz,1980x1080 full hd ips)",,Sala de Aula,Laboratório 01 - Antiga sala do 7º período,Bom,19.01.2023,Em uso,000674663,"R$ 1.145,00",
4407020038322022,Equipamentos de informática,Monitor,"LG 23,8 LED 24MP400-B(Hdmi, vga, versa,freesync, 75 hz,1980x1080 full hd ips)",,Sala de Aula,Laboratório 01 - Antiga sala do 7º período,Bom,19.01.2023,Em uso,000674663,"R$ 1.145,00",
4407020038472022,Equipamentos de informática,Monitor,"LG 23,8 LED 24MP400-B(Hdmi, vga, versa,freesync, 75 hz,1980x1080 full hd ips)",,Sala de Aula,Laboratório 01 - Antiga sala do 7º período,Bom,19.01.2023,Em uso,000674663,"R$ 1.145,00",
4407020038002022,Equipamentos de informática,Monitor,"LG 23,8 LED 24MP400-B(Hdmi, vga, versa,freesync, 75 hz,1980x1080 full hd ips)",,Sala de Aula,Laboratório 01 - Antiga sala do 7º período,Bom,19.01.2023,Em uso,000674663,"R$ 1.145,00",
4407020038462022,Equipamentos de informática,Monitor,"LG 23,8 LED 24MP400-B(Hdmi, vga, versa,freesync, 75 hz,1980x1080 full hd ips)",,Sala de Aula,Laboratório 01 - Antiga sala do 7º período,Bom,19.01.2023,Em uso,000674663,"R$ 1.145,00",
4407020038242022,Equipamentos de informática,Monitor,"LG 23,8 LED 24MP400-B(Hdmi, vga, versa,freesync, 75 hz,1980x1080 full hd ips)",,Sala de Aula,Laboratório 01 - Antiga sala do 7º período,Bom,19.01.2023,Em uso,000674663,"R$ 1.145,00",
4407020038262022,Equipamentos de informática,Monitor,"LG 23,8 LED 24MP400-B(Hdmi, vga, versa,freesync, 75 hz,1980x1080 full hd ips)",,Sala de Aula,Laboratório 01 - Antiga sala do 7º período,Bom,19.01.2023,Em uso,000674663,"R$ 1.145,00",
4407020038142022,Equipamentos de informática,Monitor,"LG 23,8 LED 24MP400-B(Hdmi, vga, versa,freesync, 75 hz,1980x1080 full hd ips)",,Sala de Aula,Laboratório 01 - Antiga sala do 7º período,Bom,19.01.2023,Em uso,000674663,"R$ 1.145,00",
4407020038212022,Equipamentos de informática,Monitor,"LG 23,8 LED 24MP400-B(Hdmi, vga, versa,freesync, 75 hz,1980x1080 full hd ips)",,Sala de Aula,Laboratório 01 - Antiga sala do 7º período,Bom,19.01.2023,Em uso,000674663,"R$ 1.145,00",
4407020037982022,Equipamentos de informática,Monitor,"LG 23,8 LED 24MP400-B(Hdmi, vga, versa,freesync, 75 hz,1980x1080 full hd ips)",,Sala de Aula,Laboratório 01 - Antiga sala do 7º período,Bom,19.01.2023,Em uso,000674663,"R$ 1.145,00",transferido para o laboratório 01
4407020038012022,Equipamentos de informática,Monitor,"LG 23,8 LED 24MP400-B(Hdmi, vga, versa,freesync, 75 hz,1980x1080 full hd ips)",,Sala de Aula,Laboratório 01 - Antiga sala do 7º período,Bom,19.01.2023,Em uso,000674663,"R$ 1.145,00",
4407020038152022,Equipamentos de informática,Monitor,"LG 23,8 LED 24MP400-B(Hdmi, vga, versa,freesync, 75 hz,1980x1080 full hd ips)",,Sala de Aula,Laboratório 01 - Antiga sala do 7º período,Bom,19.01.2023,Em uso,000674663,"R$ 1.145,00",
4407020038192022,Equipamentos de informática,Monitor,"LG 23,8 LED 24MP400-B(Hdmi, vga, versa,freesync, 75 hz,1980x1080 full hd ips)",,Sala de Aula,Laboratório 01 - Antiga sala do 7º período,Bom,19.01.2023,Em uso,000674663,"R$ 1.145,00",
4407020038122022,Equipamentos de informática,Monitor,"LG 23,8 LED 24MP400-B(Hdmi, vga, versa,freesync, 75 hz,1980x1080 full hd ips)",,Sala de Aula,Laboratório 01 - Antiga sala do 7º período,Bom,19.01.2023,Em uso,000674663,"R$ 1.145,00",
4407020038342022,Equipamentos de informática,Monitor,"LG 23,8 LED 24MP400-B(Hdmi, vga, versa,freesync, 75 hz,1980x1080 full hd ips)",-,Sala de Aula,Laboratório 01 - Antiga sala do 7º período,Bom,19.01.2023,Em uso,000674663,"R$ 1.145,00",Transferido para o Laboratório 01
4407020038172022,Equipamentos de informática,Monitor,"LG 23,8 LED 24MP400-B(Hdmi, vga, versa,freesync, 75 hz,1980x1080 full hd ips)",-,Sala de Aula,Laboratório 01 - Antiga sala do 7º período,Bom,19.01.2023,Em uso,000674663,"R$ 1.145,00",Transferido para o Laboratório 01
4407020038422022,Equipamentos de informática,Monitor,"LG 23,8 LED 24MP400-B(Hdmi, vga, versa,freesync, 75 hz,1980x1080 full hd ips)",-,Sala de Aula,Laboratório 01 - Antiga sala do 7º período,Bom,19.01.2023,Em uso,000674663,"R$ 1.145,00",Transferido para o Laboratório 01
4407020038442022,Equipamentos de informática,Monitor,"LG 23,8 LED 24MP400-B(Hdmi, vga, versa,freesync, 75 hz,1980x1080 full hd ips)",-,Sala de Aula,Laboratório 01 - Antiga sala do 7º período,Bom,19.01.2023,Em uso,000674663,"R$ 1.145,00",transferido para o laboratório 01
4407020038182022,Equipamentos de informática,Monitor,"LG 23,8 LED 24MP400-B(Hdmi, vga, versa,freesync, 75 hz,1980x1080 full hd ips)",-,Sala de Aula,Laboratório 01 - Antiga sala do 7º período,Bom,19.01.2023,No estoque,000674663,"R$ 1.145,00",transferido para o laboratório 01
4407020037962022,Equipamentos de informática,Monitor,"LG 23,8 LED 24MP400-B(Hdmi, vga, versa,freesync, 75 hz,1980x1080 full hd ips)",-,Sala de Aula,Laboratório 01 - Antiga sala do 7º período,Bom,19.01.2023,Em uso,000674663,"R$ 1.145,00",transferido para o laboratório 01
4407020037972022,Equipamentos de informática,Monitor,"LG 23,8 LED 24MP400-B(Hdmi, vga, versa,freesync, 75 hz,1980x1080 full hd ips)",-,Sala de Aula,Laboratório 01 - Antiga sala do 7º período,Bom,19.01.2023,Em uso,000674663,"R$ 1.145,00",transferido para o laboratório 01
Sem Tombamento,Equipamentos de informática,Estabilizadores,MicroSol/ Sol NG2,-,Sala de Aula,Laboratório 01 - Antiga sala do 7º período,Bom,-,Em uso,-,-,13 Unidades
Sem Tombamento,Equipamentos de informática,Teclados,HP-SK-2885,-,Sala de Aula,Laboratório 01 - Antiga sala do 7º período,Bom,-,Em uso,-,-,22 Unidades
Sem Tombamento,Equipamentos de informática,Mouses,HP,-,Sala de Aula,Laboratório 01 - Antiga sala do 7º período,Bom,-,Em uso,-,-,22 Unidades
Sem Tombamento,Equipamentos de Informática,Projetor,Epson Power Lite x29,-,Sala de Aula,Laboratório 01 - Antiga sala do 7º período,Bom,-,Em uso,-,-,Verificar se tem NF
19625,Acessórios para Projeção,Suporte,Para Projetor,Pro Reitoria Adm,Sala de Aula,Laboratório 01 - Antiga sala do 7º período,Bom,-,Em uso,-,-,-
4407020009112024,Móveis e Utensílios,Cadeira,Giratória sem braço em tecido,-,Sala de Aula,Laboratório 01 - Antiga sala do 7º período,Bom,17.12.2024,Em uso,000.002.016,"R$ 385,00",cadeira nova
4407020009122024,Móveis e Utensílios,Cadeira,Giratória sem braço em tecido,-,Sala de Aula,Laboratório 01 - Antiga sala do 7º período,Bom,17.12.2024,Em uso,000.002.016,"R$ 385,00",cadeira nova
4407020009132024,Móveis e Utensílios,Cadeira,Giratória sem braço em tecido,-,Sala de Aula,Laboratório 01 - Antiga sala do 7º período,Bom,17.12.2024,Em uso,000.002.016,"R$ 385,00",cadeira nova
4407020009142024,Móveis e Utensílios,Cadeira,Giratória sem braço em tecido,-,Sala de Aula,Laboratório 01 - Antiga sala do 7º período,Bom,17.12.2024,Em uso,000.002.016,"R$ 385,00",cadeira nova
4407020009152024,Móveis e Utensílios,Cadeira,Giratória sem braço em tecido,-,Sala de Aula,Laboratório 01 - Antiga sala do 7º período,Bom,17.12.2024,Em uso,000.002.016,"R$ 385,00",cadeira nova
4407020009162024,Móveis e Utensílios,Cadeira,Giratória sem braço em tecido,-,Sala de Aula,Laboratório 01 - Antiga sala do 7º período,Bom,17.12.2024,Em uso,000.002.016,"R$ 385,00",cadeira nova
4407020009172024,Móveis e Utensílios,Cadeira,Giratória sem braço em tecido,-,Sala de Aula,Laboratório 01 - Antiga sala do 7º período,Bom,17.12.2024,Em uso,000.002.016,"R$ 385,00",cadeira nova
4407020009182024,Móveis e Utensílios,Cadeira,Giratória sem braço em tecido,-,Sala de Aula,Laboratório 01 - Antiga sala do 7º período,Bom,17.12.2024,Em uso,000.002.016,"R$ 385,00",cadeira nova
4407020009192024,Móveis e Utensílios,Cadeira,Giratória sem braço em tecido,-,Sala de Aula,Laboratório 01 - Antiga sala do 7º período,Bom,17.12.2024,Em uso,000.002.016,"R$ 385,00",cadeira nova
4407020009202024,Móveis e Utensílios,Cadeira,Giratória sem braço em tecido,-,Sala de Aula,Laboratório 01 - Antiga sala do 7º período,Bom,17.12.2024,Em uso,000.002.016,"R$ 385,00",cadeira nova
4407020009212024,Móveis e Utensílios,Cadeira,Giratória sem braço em tecido,-,Sala de Aula,Laboratório 01 - Antiga sala do 7º período,Bom,17.12.2024,Em uso,000.002.016,"R$ 385,00",cadeira nova
4407020009222024,Móveis e Utensílios,Cadeira,Giratória sem braço em tecido,-,Sala de Aula,Laboratório 01 - Antiga sala do 7º período,Bom,17.12.2024,Em uso,000.002.016,"R$ 385,00",cadeira nova
4407020009232024,Móveis e Utensílios,Cadeira,Giratória sem braço em tecido,-,Sala de Aula,Laboratório 01 - Antiga sala do 7º período,Bom,17.12.2024,Em uso,000.002.016,"R$ 385,00",cadeira nova
4407020009242024,Móveis e Utensílios,Cadeira,Giratória sem braço em tecido,-,Sala de Aula,Laboratório 01 - Antiga sala do 7º período,Bom,17.12.2024,Em uso,000.002.016,"R$ 385,00",cadeira nova
4407020009252024,Móveis e Utensílios,Cadeira,Giratória sem braço em tecido,-,Sala de Aula,Laboratório 01 - Antiga sala do 7º período,Bom,17.12.2024,Em uso,000.002.016,"R$ 385,00",cadeira nova
4407020009262024,Móveis e Utensílios,Cadeira,Giratória sem braço em tecido,-,Sala de Aula,Laboratório 01 - Antiga sala do 7º período,Bom,17.12.2024,Em uso,000.002.016,"R$ 385,00",cadeira nova
4407020009272024,Móveis e Utensílios,Cadeira,Giratória sem braço em tecido,-,Sala de Aula,Laboratório 01 - Antiga sala do 7º período,Bom,17.12.2024,Em uso,000.002.016,"R$ 385,00",cadeira nova
4407020009282024,Móveis e Utensílios,Cadeira,Giratória sem braço em tecido,-,Sala de Aula,Laboratório 01 - Antiga sala do 7º período,Bom,17.12.2024,Em uso,000.002.016,"R$ 385,00",cadeira nova
4407020009292024,Móveis e Utensílios,Cadeira,Giratória sem braço em tecido,-,Sala de Aula,Laboratório 01 - Antiga sala do 7º período,Bom,17.12.2024,Em uso,000.002.016,"R$ 385,00",cadeira nova
4407020009302024,Móveis e Utensílios,Cadeira,Giratória sem braço em tecido,-,Sala de Aula,Laboratório 01 - Antiga sala do 7º período,Bom,17.12.2024,Em uso,000.002.016,"R$ 385,00",cadeira nova
4407020009312024,Móveis e Utensílios,Cadeira,Giratória sem braço em tecido,-,Sala de Aula,Laboratório 01 - Antiga sala do 7º período,Bom,17.12.2024,Em uso,000.002.016,"R$ 385,00",cadeira nova
4407020009322024,Móveis e Utensílios,Cadeira,Giratória sem braço em tecido,-,Sala de Aula,Laboratório 01 - Antiga sala do 7º período,Bom,17.12.2024,Em uso,000.002.016,"R$ 385,00",cadeira nova
4407020009332024,Móveis e Utensílios,Cadeira,Giratória sem braço em tecido,-,Sala de Aula,Laboratório 01 - Antiga sala do 7º período,Bom,17.12.2024,Em uso,000.002.016,"R$ 385,00",cadeira nova
4407020009342024,Móveis e Utensílios,Cadeira,Giratória sem braço em tecido,-,Sala de Aula,Laboratório 01 - Antiga sala do 7º período,Bom,17.12.2024,Em uso,000.002.016,"R$ 385,00",cadeira nova
4407020009352024,Móveis e Utensílios,Cadeira,Giratória sem braço em tecido,-,Sala de Aula,Laboratório 01 - Antiga sala do 7º período,Bom,17.12.2024,Em uso,000.002.016,"R$ 385,00",cadeira nova
4407020009362024,Móveis e Utensílios,Cadeira,Giratória sem braço em tecido,-,Sala de Aula,Laboratório 01 - Antiga sala do 7º período,Bom,17.12.2024,Em uso,000.002.016,"R$ 385,00",cadeira nova
4407020009372024,Móveis e Utensílios,Cadeira,Giratória sem braço em tecido,-,Sala de Aula,Laboratório 01 - Antiga sala do 7º período,Bom,17.12.2024,Em uso,000.002.016,"R$ 385,00",cadeira nova
4407020009382024,Móveis e Utensílios,Cadeira,Giratória sem braço em tecido,-,Sala de Aula,Laboratório 01 - Antiga sala do 7º período,Bom,17.12.2024,Em uso,000.002.016,"R$ 385,00",cadeira nova
4407020009392024,Móveis e Utensílios,Cadeira,Giratória sem braço em tecido,-,Sala de Aula,Laboratório 01 - Antiga sala do 7º período,Bom,17.12.2024,Em uso,000.002.016,"R$ 385,00",cadeira nova
sem patrimônio,Móveis e Utensílios,Lousa/Quadro,Branco (275x125)cm²,-,Sala de Aula,Laboratório 01 - Antiga sala do 7º período,Bom,-,Em uso,-,-,-
sem patrimônio,Móveis e Utensílios,Lousa/Quadro,Branco (275x125)cm²,-,Sala de Aula,Laboratório 01 - Antiga sala do 7º período,Bom,-,Em uso,-,-,-
sem patrimônio,Móveis e Utensílios,Mesa,Retangular (100x60x75)cm²,-,Sala de Aula,Laboratório 01 - Antiga sala do 7º período,Bom,-,Em uso,-,-,-
5930,Móveis e Utensílios,Mesa,Retangular (190x57x75)cm²,POLI 07,Sala de Aula,Laboratório 01 - Antiga sala do 7º período,Regular,-,Em uso,-,-,-
5933,Móveis e Utensílios,Mesa,Retangular (190x57x75)cm²,POLI 08,Sala de Aula,Laboratório 01 - Antiga sala do 7º período,Regular,-,Em uso,-,-,-
5934,Móveis e Utensílios,Mesa,Retangular (190x57x75)cm²,POLI 09,Sala de Aula,Laboratório 01 - Antiga sala do 7º período,Regular,-,Em uso,-,-,-
5936,Móveis e Utensílios,Mesa,Retangular (190x57x75)cm²,POLI 10,Sala de Aula,Laboratório 01 - Antiga sala do 7º período,Regular,-,Em uso,-,-,-
sem patrimônio,Móveis e Utensílios,Mesas, 12 unidades rentagulares (190x57x75)cm²,-,Sala de Aula,Laboratório 01 - Antiga sala do 7º período,Regular,-,Em uso,-,-,Aparentemente todas tinham patrimônios/ Caiu ou arrancaram
sem patrimônio,Equipamentos de Informática,Switch,HPE Office Conect 19205 JL382A,-,Sala de Aula,Laboratório 01 - Antiga sala do 7º período,Bom,-,Em uso,-,-,-
sem patrimônio,Equipamentos de Informática,Patch Panel,Furokawa - Cat 6,-,Sala de Aula,Laboratório 01 - Antiga sala do 7º período,Bom,-,Em uso,-,-,-
sem patrimônio,Equipamentos de Informática,Estabilizador,RCG/Energetic,-,Sala de Aula,Laboratório 01 - Antiga sala do 7º período,Bom,-,Em uso,-,-,-
sem patrimônio,Equipamentos de Informática,Câmera de Vídeo ,Full HD wi-fi 1MX1 IntelBras,-,Sala de Aula,Laboratório 01 - Antiga sala do 7º período,Novo,07.07.2023,Em uso,000.001.036,"R$ 248,00",Todas as câmeras tem cartão de memória 32GB CLASSE A
4407020009042022,Equipamentos,Caixa de ventilação,FILBOX 150 QUAD - G4/M5,,Sala de Aula,Laboratório 02 - Antiga sala do 8º período,Novo,06.09.2022,Em uso,000.050.157,"R$ 450,00",-
4407020009202022,Equipamentos,Exaustor Axial,SICFLUX MAXX 150 - 220V,,Sala de Aula,Laboratório 02 - Antiga sala do 8º período,Novo,06.09.2022,Em uso,000.050.157,"R$ 480,00",-
4407020028492022,Equipamentos de informática,Gabinete (CPU),UDP Daten DC3E-S amd ryzen 3 4350G win10 Pro,,Sala de Aula,Laboratório 02 - Antiga sala do 8º período,Bom,19.01.2023,Em uso,000055484,"R$ 3.207,21",
4407020028652022,Equipamentos de informática,Gabinete (CPU),UDP Daten DC3E-S amd ryzen 3 4350G win10 Pro,,Sala de Aula,Laboratório 02 - Antiga sala do 8º período,Bom,19.01.2023,Em uso,000055484,"R$ 3.207,21",Sem Etiqueta
4407020028392022,Equipamentos de informática,Gabinete (CPU),UDP Daten DC3E-S amd ryzen 3 4350G win10 Pro,,Sala de Aula,Laboratório 02 - Antiga sala do 8º período,Bom,19.01.2023,Em uso,000055484,"R$ 3.207,21",
4407020028612022,Equipamentos de informática,Gabinete (CPU),UDP Daten DC3E-S amd ryzen 3 4350G win10 Pro,,Sala de Aula,Laboratório 02 - Antiga sala do 8º período,Bom,19.01.2023,Em uso,000055484,"R$ 3.207,21",
4407020028382022,Equipamentos de informática,Gabinete (CPU),UDP Daten DC3E-S amd ryzen 3 4350G win10 Pro,,Sala de Aula,Laboratório 02 - Antiga sala do 8º período,Bom,19.01.2023,Em uso,000055484,"R$ 3.207,21",
4407020028552022,Equipamentos de informática,Gabinete (CPU),UDP Daten DC3E-S amd ryzen 3 4350G win10 Pro,,Sala de Aula,Laboratório 02 - Antiga sala do 8º período,Bom,19.01.2023,Em uso,000055484,"R$ 3.207,21",
4407020028702022,Equipamentos de informática,Gabinete (CPU),UDP Daten DC3E-S amd ryzen 3 4350G win10 Pro,-,Sala de Aula,Laboratório 02 - Antiga sala do 8º período,Bom,19.01.2023,No estoque,000055484,"R$ 3.207,21",transferido para o laboratório 02
4407020028462022,Equipamentos de informática,Gabinete (CPU),UDP Daten DC3E-S amd ryzen 3 4350G win10 Pro,,Sala de Aula,Laboratório 02 - Antiga sala do 8º período,Bom,19.01.2023,Em uso,000055484,"R$ 3.207,21",
4407020028672022,Equipamentos de informática,Gabinete (CPU),UDP Daten DC3E-S amd ryzen 3 4350G win10 Pro,,Sala de Aula,Laboratório 02 - Antiga sala do 8º período,Bom,19.01.2023,Em uso,000055484,"R$ 3.207,21",
4407020028562022,Equipamentos de informática,Gabinete (CPU),UDP Daten DC3E-S amd ryzen 3 4350G win10 Pro,,Sala de Aula,Laboratório 02 - Antiga sala do 8º período,Bom,19.01.2023,Em uso,000055484,"R$ 3.207,21",
4407020028952022,Equipamentos de informática,Gabinete (CPU),UDP Daten DC3E-S amd ryzen 3 4350G win10 Pro,,Sala de Aula,Laboratório 02 - Antiga sala do 8º período,Bom,19.01.2023,Em uso,000055484,"R$ 3.207,21",
4407020028362022,Equipamentos de informática,Gabinete (CPU),UDP Daten DC3E-S amd ryzen 3 4350G win10 Pro,,Sala de Aula,Laboratório 02 - Antiga sala do 8º período,Bom,19.01.2023,Em uso,000055484,"R$ 3.207,21",
4407020028482022,Equipamentos de informática,Gabinete (CPU),UDP Daten DC3E-S amd ryzen 3 4350G win10 Pro,,Sala de Aula,Laboratório 02 - Antiga sala do 8º período,Bom,19.01.2023,Em uso,000055484,"R$ 3.207,21",
4407020028982022,Equipamento de Informática,Gabinete (CPU),UDP Daten DC3E-S amd ryzen 3 4350G win10 Pro,,Sala de Aula,Laboratório 02 - Antiga sala do 8º período,Bom,19.01.2023,Em uso,000055484,"R$ 3207,21",
4407020028712022,Equipamentos de informática,Gabinete (CPU),UDP Daten DC3E-S amd ryzen 3 4350G win10 Pro,,Sala de Aula,Laboratório 02 - Antiga sala do 8º período,Bom,19.01.2023,Em uso,000055484,"R$ 3.207,21",
4407020028342022,Equipamentos de informática,Gabinete (CPU),UDP Daten DC3E-S amd ryzen 3 4350G win10 Pro,,Sala de Aula,Laboratório 02 - Antiga sala do 8º período,Bom,19.01.2023,Em uso,000055484,"R$ 3.207,21",
4407020028642022,Equipamentos de informática,Gabinete (CPU),UDP Daten DC3E-S amd ryzen 3 4350G win10 Pro,,Sala de Aula,Laboratório 02 - Antiga sala do 8º período,Bom,19.01.2023,Em uso,000055484,"R$ 3.207,21",
4407020028412022,Equipamentos de informática,Gabinete (CPU),UDP Daten DC3E-S amd ryzen 3 4350G win10 Pro,,Sala de Aula,Laboratório 02 - Antiga sala do 8º período,Bom,19.01.2023,Em uso,000055484,"R$ 3.207,21",
4407020028592022,Equipamentos de informática,Gabinete (CPU),UDP Daten DC3E-S amd ryzen 3 4350G win10 Pro,,Sala de Aula,Laboratório 02 - Antiga sala do 8º período,Bom,19.01.2023,Em uso,000055484,"R$ 3.207,21",
4407020028542022,Equipamentos de informática,Gabinete (CPU),UDP Daten DC3E-S amd ryzen 3 4350G win10 Pro,,Sala de Aula,Laboratório 02 - Antiga sala do 8º período,Bom,19.01.2023,Em uso,000055484,"R$ 3.207,21",
4407020028622022,Equipamentos de informática,Gabinete (CPU),UDP Daten DC3E-S amd ryzen 3 4350G win10 Pro,,Sala de Aula,Laboratório 02 - Antiga sala do 8º período,Bom,19.01.2023,Em uso,000055484,"R$ 3.207,21",
4407020028602022,Equipamentos de informática,Gabinete (CPU),UDP Daten DC3E-S amd ryzen 3 4350G win10 Pro,-,Sala de Aula,Laboratório 02 - Antiga sala do 8º período,Bom,19.01.2023,Em uso,000055484,"R$ 3.207,21",transferido para o laboratório 02
4407020028722022,Equipamentos de informática,Gabinete (CPU),UDP Daten DC3E-S amd ryzen 3 4350G win10 Pro,-,Sala de Aula,Laboratório 02 - Antiga sala do 8º período,Bom,19.01.2023,No estoque,000055484,"R$ 3.207,21",Transferido para o laboratório 02
4407020028522022,Equipamentos de informática,Gabinete (CPU),UDP Daten DC3E-S amd ryzen 3 4350G win10 Pro,-,Sala de Aula,Laboratório 02 - Antiga sala do 8º período,Bom,19.01.2023,No estoque,000055484,"R$ 3.207,21",transferido para o laboratório 02
4407020028452022,Equipamentos de informática,Gabinete (CPU),UDP Daten DC3E-S amd ryzen 3 4350G win10 Pro,-,Sala de Aula,Laboratório 02 - Antiga sala do 8º período,Bom,19.01.2023,No estoque,000055484,"R$ 3.207,21",transferido para o laboratório 02
4407020029092022,Equipamentos de informática,Gabinete (CPU),UDP Daten DC3E-S amd ryzen 3 4350G win10 Pro,-,Sala de Aula,Laboratório 02 - Antiga sala do 8º período,Bom,19.01.2023,No estoque,000055484,"R$ 3.207,21",transferido para o laboratório 02
4407020028742022,Equipamentos de informática,Gabinete (CPU),UDP Daten DC3E-S amd ryzen 3 4350G win10 Pro,-,Sala de Aula,Laboratório 02 - Antiga sala do 8º período,Bom,19.01.2023,No estoque,000055484,"R$ 3.207,21",Transferido para o laboratório 02
4407020038392022,Equipamentos de informática,Monitor,"LG 23,8 LED 24MP400-B(Hdmi, vga, versa,freesync, 75 hz,1980x1080 full hd ips)",,Sala de Aula,Laboratório 02 - Antiga sala do 8º período,Bom,19.01.2023,Em uso,000674663,"R$ 1.145,00",
4407020038022022,Equipamentos de informática,Monitor,"LG 23,8 LED 24MP400-B(Hdmi, vga, versa,freesync, 75 hz,1980x1080 full hd ips)",,Sala de Aula,Laboratório 02 - Antiga sala do 8º período,Bom,19.01.2023,Em uso,000674663,"R$ 1.145,00",
4407020038362022,Equipamentos de informática,Monitor,"LG 23,8 LED 24MP400-B(Hdmi, vga, versa,freesync, 75 hz,1980x1080 full hd ips)",,Sala de Aula,Laboratório 02 - Antiga sala do 8º período,Novo,19.01.2023,Em uso,000674663,"R$ 1.145,00",
4407020037952022,Equipamentos de informática,Monitor,"LG 23,8 LED 24MP400-B(Hdmi, vga, versa,freesync, 75 hz,1980x1080 full hd ips)",,Sala de Aula,Laboratório 02 - Antiga sala do 8º período,Bom,19.01.2023,Em uso,000674663,"R$ 1.145,00",
4407020038652022,Equipamentos de informática,Monitor,"LG 23,8 LED 24MP400-B(Hdmi, vga, versa,freesync, 75 hz,1980x1080 full hd ips)",,Sala de Aula,Laboratório 02 - Antiga sala do 8º período,Bom,19.01.2023,Em uso,000674663,"R$ 1.145,00",
4407020037992022,Equipamentos de informática,Monitor,"LG 23,8 LED 24MP400-B(Hdmi, vga, versa,freesync, 75 hz,1980x1080 full hd ips)",,Sala de Aula,Laboratório 02 - Antiga sala do 8º período,Bom,19.01.2023,Em uso,000674663,"R$ 1.145,00",
4407020038042022,Equipamentos de informática,Monitor,"LG 23,8 LED 24MP400-B(Hdmi, vga, versa,freesync, 75 hz,1980x1080 full hd ips)",,Sala de Aula,Laboratório 02 - Antiga sala do 8º período,Bom,19.01.2023,Em uso,000674663,"R$ 1.145,00",
4407020038052022,Equipamentos de informática,Monitor,"LG 23,8 LED 24MP400-B(Hdmi, vga, versa,freesync, 75 hz,1980x1080 full hd ips)",,Sala de Aula,Laboratório 02 - Antiga sala do 8º período,Bom,19.01.2023,Em uso,000674663,"R$ 1.145,00",
4407020038062022,Equipamentos de informática,Monitor,"LG 23,8 LED 24MP400-B(Hdmi, vga, versa,freesync, 75 hz,1980x1080 full hd ips)",,Sala de Aula,Laboratório 02 - Antiga sala do 8º período,Bom,19.01.2023,Em uso,000674663,"R$ 1.145,00",
4407020038222022,Equipamentos de informática,Monitor,"LG 23,8 LED 24MP400-B(Hdmi, vga, versa,freesync, 75 hz,1980x1080 full hd ips)",,Sala de Aula,Laboratório 02 - Antiga sala do 8º período,Bom,19.01.2023,Em uso,000674663,"R$ 1.145,00",
4407020038102022,Equipamentos de informática,Monitor,"LG 23,8 LED 24MP400-B(Hdmi, vga, versa,freesync, 75 hz,1980x1080 full hd ips)",,Sala de Aula,Laboratório 02 - Antiga sala do 8º período,Bom,19.01.2023,Em uso,000674663,"R$ 1.145,00",
4407020038632022,Equipamentos de informática,Monitor,"LG 23,8 LED 24MP400-B(Hdmi, vga, versa,freesync, 75 hz,1980x1080 full hd ips)",,Sala de Aula,Laboratório 02 - Antiga sala do 8º período,Bom,19.01.2023,Em uso,000674663,"R$ 1.145,00",
4407020037862022,Equipamentos de informática,Monitor,"LG 23,8 LED 24MP400-B(Hdmi, vga, versa,freesync, 75 hz,1980x1080 full hd ips)",,Sala de Aula,Laboratório 02 - Antiga sala do 8º período,Bom,19.01.2023,Em uso,000674663,"R$ 1.145,00",
4407020038482022,Equipamentos de informática,Monitor,"LG 23,8 LED 24MP400-B(Hdmi, vga, versa,freesync, 75 hz,1980x1080 full hd ips)",,Sala de Aula,Laboratório 02 - Antiga sala do 8º período,Bom,19.01.2023,Em uso,000674663,"R$ 1.145,00",
4407020037932022,Equipamentos de informática,Monitor,"LG 23,8 LED 24MP400-B(Hdmi, vga, versa,freesync, 75 hz,1980x1080 full hd ips)",,Sala de Aula,Laboratório 02 - Antiga sala do 8º período,Bom,19.01.2023,Em uso,000674663,"R$ 1.145,00",
4407020037942022,Equipamentos de informática,Monitor,"LG 23,8 LED 24MP400-B(Hdmi, vga, versa,freesync, 75 hz,1980x1080 full hd ips)",,Sala de Aula,Laboratório 02 - Antiga sala do 8º período,Bom,19.01.2023,Em uso,000674663,"R$ 1.145,00",
4407020037882022,Equipamentos de informática,Monitor,"LG 23,8 LED 24MP400-B(Hdmi, vga, versa,freesync, 75 hz,1980x1080 full hd ips)",,Sala de Aula,Laboratório 02 - Antiga sala do 8º período,Bom,19.01.2023,Em uso,000674663,"R$ 1.145,00",
4407020038552022,Equipamentos de informática,Monitor,"LG 23,8 LED 24MP400-B(Hdmi, vga, versa,freesync, 75 hz,1980x1080 full hd ips)",,Sala de Aula,Laboratório 02 - Antiga sala do 8º período,Bom,19.01.2023,Em uso,000674663,"R$ 1.145,00",
4407020038372022,Equipamentos de informática,Monitor,"LG 23,8 LED 24MP400-B(Hdmi, vga, versa,freesync, 75 hz,1980x1080 full hd ips)",,Sala de Aula,Laboratório 02 - Antiga sala do 8º período,Bom,19.01.2023,Em uso,000674663,"R$ 1.145,00",
4407020038382022,Equipamentos de informática,Monitor,"LG 23,8 LED 24MP400-B(Hdmi, vga, versa,freesync, 75 hz,1980x1080 full hd ips)",,Sala de Aula,Laboratório 02 - Antiga sala do 8º período,Bom,19.01.2023,Em uso,000674663,"R$ 1.145,00",
4407020038272022,Equipamentos de informática,Monitor,"LG 23,8 LED 24MP400-B(Hdmi, vga, versa,freesync, 75 hz,1980x1080 full hd ips)",,Sala de Aula,Laboratório 02 - Antiga sala do 8º período,Bom,19.01.2023,Em uso,000674663,"R$ 1.145,00",
4407020037922022,Equipamentos de informática,Monitor,"LG 23,8 LED 24MP400-B(Hdmi, vga, versa,freesync, 75 hz,1980x1080 full hd ips)",-,Sala de Aula,Laboratório 02 - Antiga sala do 8º período,Bom,19.01.2023,Em uso,000674663,"R$ 1.145,00",transferido para o laboratório 02
4407020038542022,Equipamentos de informática,Monitor,"LG 23,8 LED 24MP400-B(Hdmi, vga, versa,freesync, 75 hz,1980x1080 full hd ips)",-,Sala de Aula,Laboratório 02 - Antiga sala do 8º período,Bom,19.01.2023,Em uso,000674663,"R$ 1.145,00",transferido para o Laboratório 02
4407020038412022,Equipamentos de informática,Monitor,"LG 23,8 LED 24MP400-B(Hdmi, vga, versa,freesync, 75 hz,1980x1080 full hd ips)",-,Sala de Aula,Laboratório 02 - Antiga sala do 8º período,Bom,19.01.2023,Em uso,000674663,"R$ 1.145,00",
4407020038402022,Equipamentos de informática,Monitor,"LG 23,8 LED 24MP400-B(Hdmi, vga, versa,freesync, 75 hz,1980x1080 full hd ips)",-,Sala de Aula,Laboratório 02 - Antiga sala do 8º período,Bom,19.01.2023,Em uso,000674663,"R$ 1.145,00",transferido para o laboratório 02 / Sem Etiqueta
4407020038512022,Equipamentos de informática,Monitor,"LG 23,8 LED 24MP400-B(Hdmi, vga, versa,freesync, 75 hz,1980x1080 full hd ips)",-,Sala de Aula,Laboratório 02 - Antiga sala do 8º período,Bom,19.01.2023,No estoque,000674663,"R$ 1.145,00",transferido para o laboratório 02
4407020037892022,Equipamentos de informática,Monitor,"LG 23,8 LED 24MP400-B(Hdmi, vga, versa,freesync, 75 hz,1980x1080 full hd ips)",-,Sala de Aula,Laboratório 02 - Antiga sala do 8º período,Bom,19.01.2023,No estoque,000674663,"R$ 1.145,00",transferido para o laboratório 02
4407020034242022,Equipamentos de informática,Estabilizador,ES-300VA BM 115V Bem Ligado CLK,-,Sala de Aula,Laboratório 02 - Antiga sala do 8º período,Bom,19.01.2023,Em uso,000064769,"R$ 115,00",-
4407020034342022,Equipamentos de informática,Estabilizador,ES-300VA BM 115V Bem Ligado CLK,-,Sala de Aula,Laboratório 02 - Antiga sala do 8º período,Novo,19.01.2023,No estoque,000064769,"R$ 115,00",transferido do NTI para o LAB2 pelo nti
4407020034422022,Equipamentos de informática,Estabilizador,ES-300VA BM 115V Bem Ligado CLK,-,Sala de Aula,Laboratório 02 - Antiga sala do 8º período,Bom,19.01.2023,No estoque,000064769,"R$ 115,00",transferido para o laboratório 02
4407020034372022,Equipamentos de informática,Estabilizador,ES-300VA BM 115V Bem Ligado CLK,-,Sala de Aula,Laboratório 02 - Antiga sala do 8º período,Bom,19.01.2023,Em uso,000064769,"R$ 115,00",transferido para o laboratório 02
4407020034472022,Equipamentos de informática,Estabilizador,ES-300VA BM 115V Bem Ligado CLK,-,Sala de Aula,Laboratório 02 - Antiga sala do 8º período,Bom,19.01.2023,No estoque,000064769,"R$ 115,00",transferido para o laboratório 02
4407020034522022,Equipamentos de informática,Estabilizador,ES-300VA BM 115V Bem Ligado CLK,-,Sala de Aula,Laboratório 02 - Antiga sala do 8º período,Bom,19.01.2023,No estoque,000064769,"R$ 115,00",transferido para o laboratório 02
15532,Equipamentos de informática,Estabilizador,Microline BMI ML-0500B1,-,Sala de Aula,Laboratório 02 - Antiga sala do 8º período,Bom,-,Em uso,-,-,Transferido para o laboratório 02
Sem Tombamento,Equipamentos de informática,Estabilizadores,Force Line / Eternity,-,Sala de Aula,Laboratório 02 - Antiga sala do 8º período,Bom,-,Em uso,-,-,5 Unidades
Sem Tombamento,Equipamentos de informática,Estabilizadores,MicroSol/ Sol NG2,-,Sala de Aula,Laboratório 02 - Antiga sala do 8º período,Bom,-,Em uso,-,-,5 unidades
Sem Tombamento,Equipamentos de informática,Estabilizador,Energetic / RCG ,-,Sala de Aula,Laboratório 02 - Antiga sala do 8º período,Bom,-,Em uso,-,-,1- unidade
Sem Tombamento,Equipamentos de Informática,Projetor,EPSON Power Lite x29,-,Sala de Aula,Laboratório 02 - Antiga sala do 8º período,Bom,-,Em uso,-,-,verificar se tem NF
sem patrimônio,Equipamento de Áudio/Vídeo,Tripé,"Para Projetor De Laptop Ajustavel Com
Rodas Universais",-,Sala de Aula,Laboratório 02 - Antiga sala do 8º período,Novo,28/2/2025,Em uso,000.015.330,"R$ 275,00",-
Sem Tombamento,Equipamentos Eletrônico,Condensador de Ar,Carrier 36000 btu/h,-,Sala de Aula,Laboratório 02 - Antiga sala do 8º período,Bom,-,Em uso,-,-,verificar se tem NF
Sem Tombamento,Equipamentos Eletrônico,Evaporador de Ar,Carrier 36000 btu/h,-,Sala de Aula,Laboratório 02 - Antiga sala do 8º período,Bom,-,Em uso,-,-,verificar se tem NF
19624,Moveis e Utensílios,Suporte,para projetor,Pro Reitoria Administrativa,Sala de Aula,Laboratório 02 - Antiga sala do 8º período,Bom,-,Em uso,-,-,-
sem patrimônio,Móveis e Utensílios,Cadeiras,40 unidades (38 sem braço/ 2 com braço),-,Sala de Aula,Laboratório 02 - Antiga sala do 8º período,Regular,-,Em uso,-,-,38 sem braço/2 com braço e 1 quebrada/ foi dado baixa na cadeira quebrada
sem patrimônio,Móveis e Utensílios,Lousa/Quadro,Branco (275x125)cm²,-,Sala de Aula,Laboratório 02 - Antiga sala do 8º período,Bom,-,Em uso,-,-,-
sem patrimônio,Móveis e Utensílios,Lousa/Quadro,Branco (275x125)cm²,-,Sala de Aula,Laboratório 02 - Antiga sala do 8º período,Bom,-,Em uso,-,-,-
sem patrimônio,Móveis e Utensílios,Mesa,Retangular (190x57x75)cm²,-,Sala de Aula,Laboratório 02 - Antiga sala do 8º período,Bom,-,Em uso,-,-,Aparentemente tinha patrimônio/ Caiu ou arrancaram / não encontrei
5956,Móveis e Utensílios,Mesa,Retangular (190x57x75)cm²,POLI 07,Sala de Aula,Laboratório 02 - Antiga sala do 8º período,Bom,-,Em uso,-,-,-
5958,Móveis e Utensílios,Mesa,Retangular (190x57x75)cm²,POLI 07,Sala de Aula,Laboratório 02 - Antiga sala do 8º período,Bom,-,Em uso,-,-,-
5952,Móveis e Utensílios,Bancada,Retangular (336x56x76)cm²,POLI 07,Sala de Aula,Laboratório 02 - Antiga sala do 8º período,Bom,-,Em uso,-,-,-
5953,Móveis e Utensílios,Bancada,Retangular (336x56x76)cm²,POLI 07,Sala de Aula,Laboratório 02 - Antiga sala do 8º período,Bom,-,Em uso,-,-,-
5957,Móveis e Utensílios,Bancada,Retangular (336x56x76)cm²,POLI 07,Sala de Aula,Laboratório 02 - Antiga sala do 8º período,Bom,-,Em uso,-,-,-
5960,Móveis e Utensílios,Bancada,Retangular (336x56x76)cm²,POLI 07,Sala de Aula,Laboratório 02 - Antiga sala do 8º período,Bom,-,Em uso,-,-,-
sem patrimônio,Móveis e Utensílios,Bancadas,4 unidades retangulares (336x56x76)cm²,-,Sala de Aula,Laboratório 02 - Antiga sala do 8º período,Regular,-,Em uso,-,-,Aparentemente todas tinham patrimônios/ Caiu ou arrancaram
sem patrimônio,Equipamentos de Informática,Switch,Intelbras SG5200MR,-,Sala de Aula,Laboratório 02 - Antiga sala do 8º período,Bom,-,Em uso,-,-,-
5950,Equipamentos de Informática,Switch,Micronet SP624R etherfast 10/100M,POLI 07,Sala de Aula,Laboratório 02 - Antiga sala do 8º período,Bom,-,No estoque,-,-,"não estão sendo utilizado, reserva."
5951,Equipamentos de Informática,Switch,Micronet SP624R etherfast 10/100M,POLI 07,Sala de Aula,Laboratório 02 - Antiga sala do 8º período,Bom,-,No estoque,-,-,"não estão sendo utilizado, reserva."
sem patrimônio,Equipamentos de Informática,Patch Panel,Furukawa - Cat 5 E Plus,-,Sala de Aula,Laboratório 02 - Antiga sala do 8º período,Bom,-,Em uso,-,-,-
sem patrimônio,Equipamentos de Informática,Patch Panel,Furukawa - Cat 5 E Plus,-,Sala de Aula,Laboratório 02 - Antiga sala do 8º período,Bom,-,Em uso,-,-,-
4407020006252024,Equipamentos de Informática,Projetor,5000 Lumens Brazil M18-W BPC1080P,-,Sala de Aula,Laboratório 02 - Antiga sala do 8º período,Novo,24.10.2024,Em uso,69,"R$ 1.294,60","Aguardando que se faça a instalação. Em, 01/07/2026."
sem patrimônio,Equipamentos de Informática,Câmera de Vídeo ,Full HD wi-fi 1MX1 IntelBras,-,Sala de Aula,Laboratório 02 - Antiga sala do 8º período,Novo,07.07.2023,Em uso,000.001.036,"R$ 248,00",Todas as câmeras tem cartão de memória 32GB CLASSE A
Sem Tombamento,Equipamentos de informática, 80x Teclados,DATEN / PT / USB/ ABNT 2,-,-,-,Novo,19.01.2023,Em uso,000055484,"R$ 2.080,00",15u - Lab 7  20u - Lab 8
Sem Tombamento,Equipamentos de informática,80x Mouses,DATEN USB OPTICO PT 1000 DPI,-,-,-,Novo,19.01.2023,Em uso,000055484,"R$ 960,00",15u - Lab 7 20u - Lab 8
4407020004622025,Equipamentos,Evaporador de ar,Ar condicionado 48000 mil btus Carrier,-,Laboratório,Lamie,Novo,23.12.2024,Em uso,173,"R$ 4.600,00",Transferido para instalação no LAMIE (Antiga biblioteca) 12/11/2025. (Evaporadora + condesadora) patrimônio colado na evaporadora.
4407020008972022,Equipamentos,Caixa de ventilação,FILBOX 150 QUAD - G4/M5,Sonia/Jackson,Laboratório,Lamie,Novo,06.09.2022,Em uso,000.050.157,"R$ 450,00",-
4407020008992022,Equipamentos,Caixa de ventilação,FILBOX 150 QUAD - G4/M5,Sonia/Jackson,Laboratório,Lamie,Novo,06.09.2022,Em uso,000.050.157,"R$ 450,00",-
4407020009162022,Equipamentos,Exaustor Axial,SICFLUX MAXX 150 - 220V,Sonia/Jackson,Laboratório,Lamie,Novo,06.09.2022,Em uso,000.050.157,"R$ 480,00",-
4407020009172022,Equipamentos,Exaustor Axial,SICFLUX MAXX 150 - 220V,Sonia/Jackson,Laboratório,Lamie,Novo,06.09.2022,Em uso,000.050.157,"R$ 480,00",-
sem patrimônio,Equipamentos,Evaporador de Ar,Komeco Kop48FCUE220 48.000btu/h,Sonia/Jackson,Laboratório,Lamie,Bom,-,Em uso,-,-,
sem patrimônio,Equipamentos,Condesador de Ar,Komeco 48.000Btu/h,Sonia/Jackson,Laboratório,Lamie,Bom,-,Em uso,-,-,
4407020001942022,Equipamento,Evaporador de ar,ELGIN 12.000 BTUS,Pro-Reitoria Administrativa,Laboratório,Lamie,Novo,06.09.2022,Em uso,-,-,Transferido para instalação no LAMIE (Antiga biblioteca) 12/11/2025
4407020002192022,Equipamento,Condensador de ar,ELGIN 12.000 BTUS,Pro-Reitoria Administrativa,Laboratório,Lamie,Novo,06.09.2022,Em uso,-,-,Transferido para instalação no LAMIE (Antiga biblioteca) 12/11/2025
16002,Equipamentos de informática,Gabinete (CPU),HP Compaq 6000 Pro MT Intel Core 2 Duo,-,Laboratório,Lamie,Regular,-,Em uso,-,-,Professora Sônia solicitou para o projeto dela
5939,Equipamento de Informática,Switch,SP624R EtherFast 10/100 Mb / MicroNet,Sonia Regina/Jackson Raniel,Laboratório,Lamie,Bom,-,Em uso,-,-,transferido do NTI para Lamie
16012,Equipamentos de informática,Gabinete (CPU),HP Compaq 6000 Pro MT Intel Core 2 Duo,-,Laboratório,Lamie,Regular,-,Em uso,-,-,Professora Sônia solicitou para seu projeto
21861,Equipamentos de Informática,Monitor,HP WE 1943SE-PF 19 polegadas lcd,-,Laboratório,Lamie,Regular,-,Em uso,-,-,Transferido para o Lamie a pedido da professora Sônia
sem patrimônio,Equipamentos de Informática,Monitor,HP L185b / W1943SE- PF,-,Laboratório,Lamie,Regular,-,Em uso,-,-,Transferido a pedido de professora Sônia
sem patrimônio,Móveis/Utensílios,Cadeira Profissional,4 unidades - na cor vermelha,Sônia Regina/Jackson Raniel,Laboratório,Lamie,Novo,-,Em uso,-,-,4 (quatro) unidades - Assento Poltrona Bee na cor vermelha 
sem patrimônio,Móveis/Utensílios,Cadeiras,42 unidades - na cor preta (com braço),Sônia Regina/Jackson Raniel,Laboratório,Lamie,Bom,-,Em uso,-,-,42 cadeiras na cor preta com braço
493,Móveis/Utensílios,Mesas,"Retangular com dois gaveteiros (149x 59,5 x75)cm²",POLO COMERCIAL,Laboratório,Lamie,Bom,-,Em uso,-,-,2 unidades retangular com 2 gaveteiros
sem patrimônio,Móveis/Utensílios,Mesas,Retangular (100x60x75)cm²,Sônia Regina/Jackson Raniel,Laboratório,Lamie,Bom,-,Em uso,-,-,20 unidades 
sem patrimônio,Móveis/Utensílios,Mesas,Retangular (160x105x75)cm²,Sônia Regina/Jackson Raniel,Laboratório,Lamie,Bom,-,Em uso,-,-,1 unidade 
sem patrimônio,Móveis/Utensílios,Mesas,Retangular (150x60x74)cm²,Sônia Regina/Jackson Raniel,Laboratório,Lamie,Bom,-,Em uso,-,-,4 unidades 
sem patrimônio,Móveis/Utensílios,Estante,De aço com 6 prateleiras,Sônia Regina/Jackson Raniel,Laboratório,Lamie,Bom,-,Em uso,-,-,"01 (uma) estante de aço, composta com 06 (seis) prateleiras."
20003,Equipamentos de Informática,Caixa de Som,C3 Tech SP-235 2.1 Subwoofer System,Sônia Regina/Jackson Raniel,Laboratório,Lamie,Bom,09.04.2019,Em uso,,-,-
19917,Equipamentos de Informática,Monitor ,LG Flatron 25UM58-P Ultrawide Full HD - 60 hertz,Sônia Regina/Jackson Raniel,Laboratório,Lamie,Bom,09.04.2019,Em uso,005.832,"R$ 1.157,00",Tombamento feito pela professora Sônia - sem NF no patrimônio
19918,Equipamentos de Informática,Monitor ,LG Flatron 25UM58-P Ultrawide Full HD - 60 hertz,Sônia Regina/Jackson Raniel,Laboratório,Lamie,Bom,09.04.2019,Em uso,005.832,"R$ 1.157,00",Tombamento feito pela professora Sônia - sem NF no patrimônio
19912,Equipamentos de Informática,Monitor ,AOC led c4008Vh8 modelo: 400LM00003,Sônia Regina/Jackson Raniel,Laboratório,Lamie,Bom,16/04/2019,Em uso,007.417,"R$ 1.299,00",-
19919,Equipamentos de Informática,Ilha de edição/Gabinete gamer + acessório,"Gabinete Thermaltake/ Intel Core i7 8700, 32GB(2x16)crucial de RAM, Placa de Vídeo rtx 2080, Placa mãe Aorus B360 Gaming 3-CF, Fonte 750w Thermaltake",Sônia Regina/Jackson Raniel,Laboratório,Lamie,Bom,09.04.2019,Em uso,005.832,"R$ 17.008,02",-
4407020028802022,Equipamentos de informática,Gabinete (CPU),UDP Daten DC3E-S amd ryzen 3 4350G win10 Pro,Pro-Reitoria Administrativa,Laboratório,Lamie,Bom,19.01.2023,Em uso,000055484,"R$ 3.207,21",-
4407020029122022,Equipamentos de informática,Gabinete (CPU),UDP Daten DC3E-S amd ryzen 3 4350G win10 Pro,Pro-Reitoria Administrativa,Laboratório,Lamie,Bom,19.01.2023,Em uso,000055484,"R$ 3.207,21",-
4407020038452022,Equipamentos de informática,Monitor,"LG 23,8 LED 24MP400-B(Hdmi, vga, versa,freesync, 75 hz,1980x1080 full hd ips)",Pro-Reitoria Administrativa,Laboratório,Lamie,Bom,19.01.2023,Em uso,000674663,"R$ 1.145,00",-
4407020038232022,Equipamentos de informática,Monitor,"LG 23,8 LED 24MP400-B(Hdmi, vga, versa,freesync, 75 hz,1980x1080 full hd ips)",Pro-Reitoria Administrativa,Laboratório,Lamie,Bom,19.01.2023,Em uso,000674663,"R$ 1.145,00",-
4407020034382022,Equipamentos de informática,Estabilizador,ES-300VA BM 115V Bem Ligado CLK,Pro-Reitoria Administrativa,Laboratório,Lamie,Bom,19.01.2023,Em uso,000064769,"R$ 115,00",-
4407020034512022,Equipamentos de informática,Estabilizador,ES-300VA BM 115V Bem Ligado CLK,Pro-Reitoria Administrativa,Laboratório,Lamie,Bom,19.01.2023,Em uso,000064769,"R$ 115,00",-
20094,Equipamento de Áudio/Vídeo,Tripé ,profissional de vídeo WV-2500,Sônia Regina/Jackson Raniel,Laboratório,Lamie,Bom,29.04.2019,Em uso,008310,"R$ 875,00",
20095,Equipamento de Áudio/Vídeo,Tripé ,profissional de vídeo WV-2500,Sônia Regina/Jackson Raniel,Laboratório,Lamie,Bom,29.04.2019,Em uso,008310,"R$ 875,00",Não sei se realmente é esse o patrimônio lista da prof mostra apenas um mas tem 2
19998,Equipamento de Áudio/Vídeo,Caixa de Som,Datrel,Sônia Regina/Jackson Raniel,Laboratório,Lamie,Bom,11.04.2017,Em uso,3335,"R$ 481,96",-
sem patrimônio,Móveis/Utensílios,Mesa,Retangular (220x105x75)cm²,Sônia Regina/Jackson Raniel,Laboratório,Lamie,Novo,-,Em uso,-,-,1 unidade 
4407020034302022,Equipamentos de informática,Estabilizador,ES-300VA BM 115V Bem Ligado CLK,Sônia Regina/Jackson Raniel,Laboratório,Lamie,Bom,19.01.2023,Em uso,000064769,"R$ 115,00",conferido nº da nf
sem patrimônio,Móveis/Utensílios,Armários ,de Ferro compostos por 2 (duas) portas.,Sônia Regina/Jackson Raniel,Laboratório,Lamie,Bom,-,Em uso,-,-,"04 (quatro) armários de ferro, todos compostos por 02 (duas) portas."
sem patrimônio,Móveis/Utensílios,Armários ,Duas portas MDF (80x45x73) cm²,Sônia Regina/Jackson Raniel,Laboratório,Lamie,Novo,-,Em uso,-,-,"03 (três) armários em MDF, na cor azul, todos compostos por 02 (duas) portas."
sem patrimônio,Móveis/Utensílios,Armários ,Duas portas MDF (81x80) cm,Sônia Regina/Jackson Raniel,Laboratório,Lamie,Novo,-,Em uso,-,-,"02 (dois) armários em MDF, na cor azul, com dimensões de 81 x 80 cm (altura x largura), cada um composto por 02 (duas) portas e 02 (duas) prateleiras."
sem patrimônio,Móveis/Utensílios,Mesa,Retangular (189x57x75) cm²,Sônia Regina/Jackson Raniel,Laboratório,Lamie,Bom,-,Em uso,-,-,-
19913,Equipamentos de Informática,Multifuncional,Epson EcoTank L3150,Sônia Regina/Jackson Raniel,Laboratório,Lamie,Bom,16.04.2019,Em uso,007.417,"R$ 884,10",-
19512,Equipamentos de Informática,Multifuncional,Epson L395,FACEPE,Laboratório,Lamie,Bom,10.04.2019,Em uso,007.320,"R$ 1.100,00",-
20006,Equipamentos de Informática,Estabilizador,MicroLine 2 1000w BM1,Sônia Regina/Jackson Raniel,Laboratório,Lamie,Bom,09.04.2019,Em uso,06682,"R$ 370,00",-
19511,Equipamentos de informática,Computador,All in on SAMSUNG Intel core i5,FACEPE,Laboratório,Lamie,Bom,10.04.2019,Em uso,007.320,"R$ 4.000,00",Conjunto completo com monitor mouse e teclado
sem patrimônio,Equipamentos de informática,Projetor,Epson Power Lite S31+ H719A,Sônia Regina/Jackson Raniel,Laboratório,Lamie,Bom,10.04.2019,Em uso,007.320,"R$ 2.500,00",-
19995,Equipamento de Áudio/Vídeo,Microfone ,Leson SM58,Sônia Regina/Jackson Raniel,Laboratório,Lamie,Bom,11.04.2017,Em uso,3335,"R$ 175,90",-
19996,Equipamento de Áudio/Vídeo,Microfone ,CSR,Sônia Regina/Jackson Raniel,Laboratório,Lamie,Bom,11.04.2017,Em uso,3335,"R$ 219,87",-
19997,Equipamento de Áudio/Vídeo,Microfone ,TSI,Sônia Regina/Jackson Raniel,Laboratório,Lamie,Bom,11.04.2017,Em uso,3335,"R$ 853,09",-
20001,Equipamentos de informática,HeadPhone,C300,Sônia Regina/Jackson Raniel,Laboratório,Lamie,Bom,09.04.2019,Baixa,06682,"R$ 95,00",Prof Sônia não encontrou os equipamentos
20002,Equipamentos de informática,HeadPhone,C301,Sônia Regina/Jackson Raniel,Laboratório,Lamie,Bom,09.04.2019,Baixa,06682,"R$ 95,00",Prof Sônia não encontrou os equipamentos
20005,Equipamento de Áudio/Vídeo,Caixa de Som,JBL GO2,Sônia Regina/Jackson Raniel,Laboratório,Lamie,Bom,09.04.2019,Baixa,06682,"R$ 187,40",Prof Sônia não encontrou o equipamento
19914,Equipamento de Áudio/Vídeo,Câmera + cartão de memoria,Canon EOS REBEL T6I + 128Gb memória,Sônia Regina/Jackson Raniel,Laboratório,Lamie,Bom,10.04.2019,Em uso,007.320,"R$ 3.725,85",-
19914,Equipamento de Áudio/Vídeo,Câmera + cartão de memoria,Canon EOS REBEL T6I + 128Gb memória,Sônia Regina/Jackson Raniel,Laboratório,Lamie,Bom,10.04.2019,Em uso,007.321,"R$ 3.725,86",-
19993,Equipamento de Áudio/Vídeo,kit Studio para gravação,,Sônia Regina/Jackson Raniel,Laboratório,Lamie,Bom,16.04.2019,Em uso,042.423,"R$ 12.573,00","Mochila new VMB, tripé para iluminação(2x), iluminador de Led(3x),bateria para câmera Sony e Led(6x), Carregador para camera Sony e Led(3x), Rebatedor 5x1(2x), barra telescópia p/suporte de fundo(1x), case para tripé 1,10m(2x), suporte para rebatedor(1x), tripé para iluminação(3x), Fundo Infinito 2,72m(1x), claquete profissional, leitor de cartão + cartão de memória(3), cartão sandisk, pilhas recarrevágeis(4x), Fundo infinito preto+garra p/fundo(7x), led+Iluminador led 1000(4x), Tripé para iluminação BK803(5x)."
20007,Equipamento de Informática,Notebook + acessórios,Avell,Sônia Regina/Jackson Raniel,Laboratório,Lamie,Bom,12.04.2019,Em uso,104.567,"R$ 9.781,12",
19994,Equipamento de Informática,Notebook + acessórios,Avell,Sônia Regina/Jackson Raniel,Laboratório,Lamie,Bom,12.04.2019,Em uso,105.291,"R$ 9.781,12",Equipamento foi para o NTI dia 06/06/2024 para manutenção do teclado. vai voltar para o Lamie/ voltou para o lamie 19/06/2024
19911,Equipamento de Informática,Notebook,Samsung,Sônia Regina/Jackson Raniel,Laboratório,Lamie,Bom,16.04.2019,Em uso,7418,"R$ 4.274,05",
20091,Equipamento de Áudio/Vídeo,Microfone + Acess rode blimp,-,Sonia Regina/Jackson Raniel,Laboratório,Lamie,Bom,29.04.2019,Em uso,008310,"R$ 6.082,00",
20093,Equipamento de Áudio/Vídeo,Rod Boom Pole Pro Fibra,-,Sonia Regina/Jackson Raniel,Laboratório,Lamie,Bom,29.04.2019,Em uso,008310,"R$ 1.405,00",
20105,Equipamento de Áudio/Vídeo,Gravador Digital ,Zomm H6,Sonia Regina/Jackson Raniel,Laboratório,Lamie,Bom,29.04.2019,Em uso,8309,"R$ 2.284,00",
20106,Equipamento de Áudio/Vídeo,Microfone,Lapela com Transmissor,Sonia Regina/Jackson Raniel,Laboratório,Lamie,Bom,29.04.2019,Em uso,8309,"R$ 3.691,00",-
20107,Equipamento de Áudio/Vídeo,Microfone,Lapela com Transmissor,Sonia Regina/Jackson Raniel,Laboratório,Lamie,Bom,29.04.2019,Em uso,8309,"R$ 3.691,00",-
20108,Equipamento de Áudio/Vídeo,Cabeça de Efeito/ para vara Boom e Girafa WV-8348,-,Sonia Regina/Jackson Raniel,Laboratório,Lamie,Bom,29.04.2019,Em uso,8309,"R$ 340,00",-
sem patrimônio,Equipamentos de informática,Headset com microfone,Hoopson F-024,Sonia Regina/Jackson Raniel,Laboratório,Lamie,Novo,30.05.2023,No estoque,-,-,2 unidades
sem patrimônio,Equipamentos de informática,Caixa de Som,Exbom CS-46 Azul 5w,Sonia Regina/Jackson Raniel,Laboratório,Lamie,Novo,30.05.2023,No estoque,-,-,-
sem patrimônio,Equipamentos de informática,Notebook Asus,"Model: X515M 15,6`` LED",Iraudemar,-,-,Bom,-,Em uso,-,-,"Serial Number: NBN0B6025908470 , cedido para o servidor Iraudemar via termo de responsabilidade"
sem patrimônio,Equipamentos de informática,Notebook Asus,"Model: X515M 15,6`` LED",Sonia Regina/Jackson Raniel,Laboratório,Lamie,Bom,-,No estoque,-,-,Serial Number: NBN0B602604247D
sem patrimônio,Equipamentos de informática,Notebook Asus,"Model: X515M 15,6`` LED",Sonia Regina/Jackson Raniel,Laboratório,Lamie,Bom,-,No estoque,-,-,Serial Number: NBN0B6026192476 - Alex devolveu o equipamento 08/04/2026
sem patrimônio,Equipamentos de informática,Notebook Asus,"Model: X515M 15,6`` LED",Robson,-,-,Bom,-,Em uso,-,-,"Emprestado para professor Robson 28/08/2025, Serial Number: NBN0B602602247A"
sem patrimônio,Equipamentos de informática,Notebook Asus,"Model: X515M 15,6`` LED",Sonia Regina/Jackson Raniel,Laboratório,Lamie,Bom,-,No estoque,-,-,Serial Number: NBN0B602521347C
sem patrimônio,Equipamentos de informática,Notebook Asus,"Model: X515M 15,6`` LED",Jeová,-,-,Bom,-,Em uso,-,-,Serial Number: NBN0B602619047C - cedido para o servidor Jeová via termo de responsabilidade
sem patrimônio,Equipamentos de informática,Notebook Asus,"Model: X515M 15,6`` LED",Sonia Regina/Jackson Raniel,Laboratório,Lamie,Bom,-,No estoque,-,-,Serial Number: NBN0B602596947G
sem patrimônio,Equipamentos de informática,Notebook Asus,"Model: X515M 15,6`` LED",Sonia Regina/Jackson Raniel,Laboratório,Lamie,Bom,-,No estoque,-,-,Serial Number: NBN0B602568847B
sem patrimônio,Equipamentos de informática,Projetor - MINI,BT920 LED - BETEC,Sonia Regina/Jackson Raniel,Laboratório,Lamie,Bom,-,No estoque,-,-,Serial Number: 21M339711090315
sem patrimônio,Suporte,Porta Planfleto/Livros,-,-,Laboratório,Lamie,Ruim,-,Em uso,-,-,Doado pela professora Sônia 
4407020023122022,Equipamentos de Informática,Access Point,Ruckus Zone Flex R610,-,Área de convivência,Banheiros,Novo,-,Em uso,-,-,-
4407020004042021,Equipamentos de Informática,Monitor,Dell P2419H,Rômulo César,Laboratório,INLAB,Bom,-,Em uso,-,-,"Equipamento foi solicitado para o Laboratório de Inovação, por Robson, dia 01-09-2023"
4407020004052021,Equipamentos de Informática,Monitor,Dell P2419H,Rômulo César,Laboratório,INLAB,Bom,-,Em uso,-,-,Transferido dia 07/11/2023 solicitado por Robson
4407020004062021,Equipamentos de Informática,Monitor,Dell P2419H,Rômulo César,Laboratório,INLAB,Bom,-,Em uso,-,-,"Equipamento foi solicitado para o Laboratório de Inovação, por Robson, dia 01-09-2023"
4407020003082021,Equipamentos de Informática,Desktop/CPU,"Dell Vostro 3681 Intel Core I5, 8GB memória, 1Tb Hdd",Rômulo César,Laboratório,INLAB,Bom,-,Em uso,-,-,Transferido dia 07/11/2023 solicitado por Robson
4407020003092021,Equipamentos de Informática,Desktop/CPU,"Dell Vostro 3681 Intel Core I5, 8GB memória, 1Tb Hdd",Rômulo César,Laboratório,INLAB,Bom,-,Em uso,-,-,"Equipamento foi solicitado para o Laboratório de Inovação, por Robson, dia 01-09-2023"
4407020003432022,Equipamentos,Condensador de ar,ELGIN 24.000 BTUS,Rômulo César,Laboratório,INLAB,Novo,06.09.2022,Em uso,-,-,-
4407020003242022,Equipamentos,Evaporador de ar,ELGIN 24.000 BTUS,Rômulo César,Laboratório,INLAB,Novo,06.09.2022,Em uso,-,-,
4407020017562022,Móveis e utensílios,Mesa,Retangular 1200x745x600mm,Rômulo César,Laboratório,INLAB,Novo,06.09.2022,No estoque,-,-,foi transferido da biblioteca
4407020017572022,Móveis e utensílios,Mesa,Retangular 1200x745x600mm,Rômulo César,Laboratório,INLAB,Novo,06.09.2022,No estoque,-,-,foi transferido da biblioteca
4407020017592022,Móveis e utensílios,Mesa,Retangular 1200x745x600mm,Rômulo César,Laboratório,INLAB,Novo,06.09.2022,No estoque,-,-,foi transferido da biblioteca
sem patrimônio,Móveis e Utensílios,Estante,Metalon Alta Florênça Onix Preta,Rômulo César,Laboratório,INLAB,Novo,16.07.2024,Em uso,000.138.463,"R$ 569,63",
sem patrimônio,Móveis e Utensílios,Estante,Metalon Alta Florênça Onix Preta,Rômulo César,Laboratório,INLAB,Novo,16.07.2024,Em uso,000.138.463,"R$ 569,63",
22761,Móveis e Utensílios,Armário,Duas portas MDF (80x48x74)cm²,Rômulo César,Laboratório,INLAB,Bom,,,,,foi transferido para o laboratório de Inovação - Verificado dia 14-07-23
sem patrimônio,Moveis e Utensílios,Armário,de madeira baixo com 2 portas e 2 prateleiras (100c x 100h) cm²,Rômulo César,Laboratório,INLAB,Bom,-,Em uso,-,-,móveis da antiga modateca
sem patrimônio,Móveis e Utensílios,Cadeiras,EloPlax Adulto - 04 unidades (vermelha),Rômulo César,Laboratório,INLAB,Novo,20/06/2024,Em uso,000.000.727,"R$ 760,00","recebidas 15/07, colocadas no LABIN por ordem de Robson"
sem patrimônio,Móveis e Utensílios,Cadeiras,Ergoplax Executiva - 02 unidades,Rômulo César,Laboratório,INLAB,Novo,20/06/2024,Em uso,000.000.727,"R$ 860,00","recebidas 15/07, colocadas no LABIN por ordem de Robson"
sem patrimônio,Móveis e Utensílios,Cadeira,Brizza Diretor ,Rômulo César,Laboratório,INLAB,Novo,20/06/2024,Em uso,000.000.727,"R$ 1.050,00","recebidas 15/07, colocadas no LABIN por ordem de Robson"
4407020009422024,Moveis/Utensílios,Cadeira,Giratória sem braço em tecido,Rômulo César,Laboratório,INLAB,Novo,17.12.2024,Em uso,000.002.016,"R$ 385,00",Cadeira Nova
4407020009452024,Móveis e Utensílios,Cadeira,Giratória sem braço em tecido,Rômulo César,Laboratório,INLAB,Novo,17.12.2024,Em uso,000.002.016,"R$ 385,00",Cadeira Nova
4407020009482024,Móveis e Utensílios,Cadeira,Giratória sem braço em tecido,Rômulo César,Laboratório,INLAB,Novo,17.12.2024,Em uso,000.002.016,"R$ 385,00",Cadeira Nova
4407020034252022,Equipamentos de informática,Estabilizador,ES-300VA BM 115V Bem Ligado CLK,Rômulo César,Laboratório,INLAB,Bom,19.01.2023,Em uso,000064769,"R$ 115,00","Equipamento foi solicitado para o Laboratório de Inovação, por Robson, dia 01-09-2023"
sem patrimônio,Equipamentos de Informática,Impressora 3D,Sermoon V1 PRO bivolt 1202050003 Creality,Rômulo César,Laboratório,INLAB,Novo,28/04/2023,Em uso,817360,"R$ 3.275,10","Equipamento foi solicitado para o Laboratório de Inovação, por Robson, dia 01-09-2023"
sem patrimônio,Equipamentos de Informática,Projetor,Epson VXGA n/s: xbf22x03767,Rômulo César,Laboratório,INLAB,Novo,28/04/2023,No estoque,038118,"R$ 3.999,00",Doação - Aguardar procedimento para tombamento?
sem patrimônio,Equipamentos de Informática,Notebook,Lenovo CI5 8256 n/s: SPEQ9Qz76,Rômulo César,Laboratório,INLAB,Novo,28/04/2023,No estoque,038117,"R$ 3.599,00","Equipamento foi solicitado para o Laboratório de Inovação, por Robson, dia 01-09-2023"
8596,Equipamentos de Informática,Notebook,Samsung 15.6 256GbSSD,IAUPE,Laboratório,INLAB,Bom,-,Em uso,-,-,"Cedido por professor Jorge para utilização do laboratório, equipamento não é do nosso campus"
8597,Equipamentos de Informática,Notebook,Samsung 15.6 256GbSSD,IAUPE,Laboratório,INLAB,Bom,-,Em uso,-,-,"Cedido por professor Jorge para utilização do laboratório, equipamento não é do nosso campus"
sem patrimônio,Eletrodomestico,TV ,Samsung Led 55 Smart,Rômulo César,Laboratório,INLAB,Novo,28/04/2023,Em uso,-,-,Doação - Aguardar procedimento para tombamento? SEM NF
sem patrimônio,Equipamentos de Informática,Mouses,3 unidades,Rômulo César,Laboratório,INLAB,Bom,-,Em uso,-,-,Na marca daten
sem patrimônio,Equipamentos de Informática,Teclados,3 unidades,Rômulo César,Laboratório,INLAB,Bom,-,Em uso,-,-,Na marca daten
4407020038622022,Equipamentos de informática,Monitor,"LG 23,8 LED 24MP400-B(Hdmi, vga, versa,freesync, 75 hz,1980x1080 full hd ips)",Jefferson Lacerda,Laboratório,NTI,Bom,19.01.2023,Em uso,000674663,"R$ 1.145,00",Transferido para o NTI
28719,Equipamentos de informática,Monitor,LCD AOC E2270PWHE,Jefferson Lacerda,Laboratório,NTI,Bom,02.07.2019,Em uso,-,-,"Daniel disse que não recebeu nf, verificar se está no Gabinete dos professor I"
4407020004072021,Equipamentos de Informática,Monitor,Dell P2419H,Jefferson Lacerda,Laboratório,NTI,Novo,-,Em uso,-,-,Transferido dia 07/11/2023 solicitado por Robson
4407020038532022,Equipamentos de informática,Monitor,"LG 23,8 LED 24MP400-B(Hdmi, vga, versa,freesync, 75 hz,1980x1080 full hd ips)",Jefferson Lacerda,Laboratório,NTI,Novo,19.01.2023,Em uso,000674663,"R$ 1.145,00",
4407020038592022,Equipamentos de informática,Monitor,"LG 23,8 LED 24MP400-B(Hdmi, vga, versa,freesync, 75 hz,1980x1080 full hd ips)",Jefferson Lacerda,Laboratório,NTI,Novo,19.01.2023,Em uso,000674663,"R$ 1.145,00",transferido para biblioteca dia 07-07-2023
4407020038602022,Equipamentos de informática,Monitor,"LG 23,8 LED 24MP400-B(Hdmi, vga, versa,freesync, 75 hz,1980x1080 full hd ips)",Jefferson Lacerda,Laboratório,NTI,Novo,19.01.2023,Em uso,000674663,"R$ 1.145,00",transferido dia 18-08-2023 a pedido da Administração
4407020038572022,Equipamentos de informática,Monitor,"LG 23,8 LED 24MP400-B(Hdmi, vga, versa,freesync, 75 hz,1980x1080 full hd ips)",Jefferson Lacerda,Laboratório,NTI,Bom,19.01.2023,Em uso,000674663,"R$ 1.145,00","""Patrimônio localizado; etiqueta de tombamento ausente ou extraviada."""
4407020038492022,Equipamentos de informática,Monitor,"LG 23,8 LED 24MP400-B(Hdmi, vga, versa,freesync, 75 hz,1980x1080 full hd ips)",Jefferson Lacerda,Laboratório,NTI,Bom,19.01.2023,Em uso,000674663,"R$ 1.145,00","""Patrimônio localizado; etiqueta de tombamento ausente ou extraviada."""
21878,Equipamentos de Informática,Monitor,HP WE 1943SE-PF 19 polegadas lcd,Jefferson Lacerda,Laboratório,NTI,Regular,-,Em uso,-,-,transferido do deposito para NTI
4407020038252022,Equipamentos de informática,Monitor,"LG 23,8 LED 24MP400-B(Hdmi, vga, versa,freesync, 75 hz,1980x1080 full hd ips)",Jefferson Lacerda,Laboratório,NTI,Novo,19.01.2023,Em uso,000674663,"R$ 1.145,00",transferido para biblioteca dia 07-07-2023
4407020038562022,Equipamentos de informática,Monitor,"LG 23,8 LED 24MP400-B(Hdmi, vga, versa,freesync, 75 hz,1980x1080 full hd ips)",Jefferson Lacerda,Laboratório,NTI,Novo,19.01.2023,Em uso,000674663,"R$ 1.145,00",transferido para biblioteca dia 07-07-2023
,,,,,,,,,,,,
4407020034272022,Equipamentos de informática,Estabilizador,ES-300VA BM 115V Bem Ligado CLK,Jefferson Lacerda,Laboratório,NTI,Bom,19.01.2023,Em uso,000064769,"R$ 115,00",
4407020034492022,Equipamentos de informática,Estabilizador,ES-300VA BM 115V Bem Ligado CLK,Jefferson Lacerda,Laboratório,NTI,Bom,19.01.2023,Em uso,000064769,"R$ 115,00",
4407020034312022,Equipamentos de informática,Estabilizador,ES-300VA BM 115V Bem Ligado CLK,Jefferson Lacerda,Laboratório,NTI,Bom,19.01.2023,Em uso,000064769,"R$ 115,00",
Sem patrimônio,Equipamentos de informática,Estabilizador,SMS/Revolution II ,Jefferson Lacerda,Laboratório,NTI,Bom,-,No estoque,-,-,2 Unidades
sem patrimônio,Equipamentos de Informática,Estabilizadores,Energic / RCG ,Jefferson Lacerda,Laboratório,NTI,Regular,-,No estoque,-,-,2 - unidades
sem patrimônio,Equipamento de Informática,Estabilizador,NHS Active II,Jefferson Lacerda,Laboratório,NTI,Bom,-,Em uso,-,-,1- unidade
15911,Equipamentos de informática,Gabinete (CPU),HP Compaq 6000 Pro MT Intel Core 2 Duo,Jefferson Lacerda,Laboratório,NTI,Regular,-,Em uso,-,-,-
21773,Equipamentos de informática,Gabinete (CPU),HP Compaq 6000 Pro MT Intel Core 2 Duo,Jefferson Lacerda,Laboratório,NTI,Regular,-,Em uso,-,-,foi informado que esse computador vai tentar virar servidor.
28670,Equipamentos de informática,Gabinete (CPU),Dell Vostro Intel Core I3,Jefferson Lacerda,Laboratório,NTI,Bom,02.07.2019,Em uso,-,-,-
4407020029072022,Equipamentos de informática,Gabinete (CPU),UDP Daten DC3E-S amd ryzen 3 4350G win10 Pro,Jefferson Lacerda,Laboratório,NTI,Novo,19.01.2023,Em uso,000055484,"R$ 3.207,21",
4407020003062021,Equipamentos de Informática,Desktop/CPU,"Dell Vostro 3681 Intel Core I5, 8GB memória, 1Tb Hdd",Jefferson Lacerda,Laboratório,NTI,Bom,-,Em uso,-,-,Voltou para o NTI
4407020003072021,Equipamentos de Informática,Desktop/CPU,"Dell Vostro 3681 Intel Core I5, 8GB memória, 1Tb Hdd",Jefferson Lacerda,Laboratório,NTI,Danificado,-,Irrecuperável,-,-,"Equipamento sem funcionar, está parado no NTI"
4407020028832022,Equipamentos de informática,Gabinete (CPU),UDP Daten DC3E-S amd ryzen 3 4350G win10 Pro,Jefferson Lacerda,Laboratório,NTI,Bom,19.01.2023,Em uso,000055484,"R$ 3.207,21",
4407020028772022,Equipamentos de informática,Gabinete (CPU),UDP Daten DC3E-S amd ryzen 3 4350G win10 Pro,Jefferson Lacerda,Laboratório,NTI,Novo,19.01.2023,Em uso,000055484,"R$ 3.207,21",transferido para biblioteca dia 07-07-2023
4407020029032022,Equipamentos de informática,Gabinete (CPU),UDP Daten DC3E-S amd ryzen 3 4350G win10 Pro,Jefferson Lacerda,Laboratório,NTI,Novo,19.01.2023,Em uso,000055484,"R$ 3.207,21",transferido para biblioteca dia 19-07-2023
4407020028812022,Equipamentos de informática,Gabinete (CPU),UDP Daten DC3E-S amd ryzen 3 4350G win10 Pro,Jefferson Lacerda,Laboratório,NTI,Novo,19.01.2023,Em uso,000055484,"R$ 3.207,21",transferido para biblioteca dia 07-07-2023
4407020028792022,Equipamentos de informática,Gabinete (CPU),UDP Daten DC3E-S amd ryzen 3 4350G win10 Pro,Jefferson Lacerda,Laboratório,NTI,Novo,19.01.2023,Em uso,000055484,"R$ 3.207,21",
4407020029082022,Equipamentos de informática,Gabinete (CPU),UDP Daten DC3E-S amd ryzen 3 4350G win10 Pro,Jefferson Lacerda,Laboratório,NTI,Bom,19.01.2023,Em uso,000055484,"R$ 3.207,21",Transferido para o NTI a pedido de raphael
4407020028752022,Equipamentos de informática,Gabinete (CPU),UDP Daten DC3E-S amd ryzen 3 4350G win10 Pro,Jefferson Lacerda,Laboratório,NTI,Bom,19.01.2023,Em uso,000055484,"R$ 3.207,21",
4407020028882022,Equipamentos de informática,Gabinete (CPU),UDP Daten DC3E-S amd ryzen 3 4350G win10 Pro,Jefferson Lacerda,Laboratório,NTI,Bom,19.01.2023,Em uso,000055484,"R$ 3.207,21",
4407020028912022,Equipamentos de informática,Gabinete (CPU),UDP Daten DC3E-S amd ryzen 3 4350G win10 Pro,Jefferson Lacerda,Laboratório,NTI,Bom,19.01.2023,Em uso,000055484,"R$ 3.207,21",
21841,Equipamentos de informática,Gabinete (CPU),HP Compaq 6000 Pro MT Intel Core 2 Duo,Jefferson Lacerda,Laboratório,NTI,Bom,-,Em uso,-,-,-
16014,Equipamentos de informática,Gabinete (CPU),HP Compaq 6000 Pro MT Intel Core 2 Duo,Jefferson Lacerda,Laboratório,NTI,Danificado,-,Irrecuperável,-,-,-
4407020034402022,Equipamentos de informática,Estabilizador,ES-300VA BM 115V Bem Ligado CLK,Jefferson Lacerda,Laboratório,NTI,Novo,19.01.2023,Em uso,000064769,"R$ 115,00",transferido para biblioteca dia 07-07-2023
sem patrimônio,Equipamentos de Informática,Estabilizador,Enermax,Jefferson Lacerda,Laboratório,NTI,Regular,-,No estoque,-,-,1 - unidade
4407020002382021,Equipamentos de Informática,Switch,"D-Link DGS-1210-28, 24 Port Gigabit Smart Managed",Jefferson Lacerda,Laboratório,NTI,Bom,-,No estoque,-,-,transferido dia 19/07/2023 para o NTI
4407020024092022,Equipamentos de Informática,Injetor de Sinal,-,Jefferson Lacerda,Laboratório,NTI,Novo,-,No estoque,-,-,-
4407020024102022,Equipamentos de Informática,Injetor de Sinal,-,Jefferson Lacerda,Laboratório,NTI,Novo,-,No estoque,-,-,-
4407020024112022,Equipamentos de Informática,Injetor de Sinal,-,Jefferson Lacerda,Laboratório,NTI,Novo,-,No estoque,-,-,-
4407020024122022,Equipamentos de Informática,Injetor de Sinal,-,Jefferson Lacerda,Laboratório,NTI,Novo,-,No estoque,-,-,-
4407020024132022,Equipamentos de Informática,Injetor de Sinal,-,Jefferson Lacerda,Laboratório,NTI,Novo,-,No estoque,-,-,-
4407020003632022,Equipamentos,Condensador de ar,ELGIN 36.000 BTUS,Jefferson Lacerda,Laboratório,NTI,Novo,06.09.2022,Em uso,-,-,Esse equipamento está em manutenção com a Empresa Fenix (Voltou do conserto dia 26/06/2023)
4407020003942022,Equipamentos,Evaporador de ar,ELGIN 36.000 BTUS,Jefferson Lacerda,Laboratório,NTI,Novo,06.09.2022,Em uso,-,-,-
sem tombamento,Equipamentos de informática,HD Externo,1 TB Western digital,Jefferson Lacerda,Laboratório,NTI,Bom,05.10.2021,-,000078432,"R$ 339,15",-
sem tombamento,Equipamentos de informática,Mouse USB,Multilaser preto MO300,Jefferson Lacerda,Laboratório,NTI,Bom,05.10.2021,-,000078432,"R$ 7,95",-
sem tombamento,Equipamentos de informática,Aspirador e jateador de ar,Mastersux 220v,Jefferson Lacerda,Laboratório,NTI,Bom,05.10.2021,-,000249692,"R$ 314,34",-
sem tombamento,Equipamentos de informática,Kit ferramentas c/25,KOKAY 056-2525,Jefferson Lacerda,Laboratório,NTI,Bom,05.11.2021,-,32891,"R$ 58,00",-
4407100004272015,Equipamentos de Informática,Tela para Projeção com suporte,-,Jefferson Lacerda,Laboratório,NTI,Bom,-,Em uso,-,-,-
sem patrimônio,Eletrodomestico,TV LG ,42 polegadas,Jefferson Lacerda,Laboratório,NTI,Bom,-,Em uso,-,-,-
sem patrimônio,Móveis/Utensílios,Quadro/Lousa,Branco (250x120)cm²,Jefferson Lacerda,Laboratório,NTI,Bom,-,Em uso,-,-,-
sem patrimônio,Equipamentos de Informática,Estabilizador,Eternity-ForceLine,Jefferson Lacerda,Laboratório,NTI,Bom,-,No estoque,-,-,"Origem desconhecida, outro equipamento que saiu sem autorização do seu local de origem(ou foi autorizado sem informa ao patrimônio"
sem patrimônio,Equipamentos de Informática,Estabilizador,Eternity-ForceLine,Jefferson Lacerda,Laboratório,NTI,Bom,-,No estoque,-,-,"Origem desconhecida, outro equipamento que saiu sem autorização do seu local de origem(ou foi autorizado sem informa ao patrimônio"
4407020006202024,Equipamentos de Informática,Projetor,5000 Lumens Brazil M18-W BPC1080P,Jefferson Lacerda,Laboratório,NTI,Novo,24.10.2024,No estoque,69,"R$ 1.294,60",Para uso do NTI 
sem tombamento,Equipamentos de Informática,Estabilizador,MicroSol/ Sol NG2,Jefferson Lacerda,Laboratório,NTI,Regular,-,No estoque,-,-,Não sei a situação do Equipamento
5831 POLI 07,Móveis e Utensílios,Cadeira,"01 unidade - cadeira fixa, na cor azul, sem braço",Jefferson Lacerda,Laboratório,NTI,Bom,-,Em uso,-,-,-
sem patrimônio,Móveis/Utensílios,Cadeiras, Azul com braço,Jefferson Lacerda,Laboratório,NTI,Regular,-,Em uso,-,-,"02 unidades - cadeira fixa com braços, cor azul. Estrutura íntegra, acessórios braços (avariados/quebrados)."
sem patrimônio,Móveis/Utensílios,Estantes de Aço,com 7 prateleiras,Jefferson Lacerda,Laboratório,NTI,Bom,-,Em uso,-,-,-
sem patrimônio,Móveis/Utensílios,Estante de Aço,com 6 prateleiras,Jefferson Lacerda,Laboratório,NTI,Bom,-,Em uso,-,-,-
sem patrimônio,Móveis/Utensílios,Estante de Aço,02 unidades - com 5 prateleiras,Jefferson Lacerda,Laboratório,NTI,Bom,-,Em uso,-,-,-
sem patrimônio,Moveis/Utensílios,Gaveteiro,Aço com 5 portas,Jefferson Lacerda,Laboratório,NTI,Regular,-,Em uso,-,-,está com um dos puxadores de portas quebrado
sem patrimônio,Moveis/Utensílios,Mesas,Retangular (190x57x75) cm²,Jefferson Lacerda,Laboratório,NTI,Bom,-,Em uso,-,-,04 unidades
sem patrimônio,Moveis/Utensílios,Mesa,Retangular (190x57x75) cm²,Jefferson Lacerda,Laboratório,NTI,Bom,-,Em uso,-,-,-
4407020008912024,Moveis/Utensílios,Cadeira,Giratória sem braço em tecido,Jefferson Lacerda,Laboratório,NTI,Novo,17.12.2024,Em uso,000.002.016,"R$ 385,00",Cadeira Nova
4407020008922024,Moveis/Utensílios,Cadeira,Giratória sem braço em tecido,Jefferson Lacerda,Laboratório,NTI,Novo,17.12.2024,Em uso,000.002.016,"R$ 385,00",Cadeira Nova
4407020008932024,Moveis/Utensílios,Cadeira,Giratória sem braço em tecido,Jefferson Lacerda,Laboratório,NTI,Novo,17.12.2024,Em uso,000.002.016,"R$ 385,00",Cadeira Nova
4407020008942024,Moveis/Utensílios,Cadeira,Giratória sem braço em tecido,Jefferson Lacerda,Laboratório,NTI,Novo,17.12.2024,Em uso,000.002.016,"R$ 385,00",Cadeira Nova
4407020008952024,Moveis/Utensílios,Cadeira,Giratória sem braço em tecido,Jefferson Lacerda,Laboratório,NTI,Novo,17.12.2024,Em uso,000.002.016,"R$ 385,00",Cadeira Nova
4407020008962024,Moveis/Utensílios,Cadeira,Giratória sem braço em tecido,Jefferson Lacerda,Laboratório,NTI,Novo,17.12.2024,Em uso,000.002.016,"R$ 385,00",Cadeira Nova
sem patrimônio,Equipamentos de Informática,Teclados,04 unidades,Jefferson Lacerda,Laboratório,NTI,Bom,-,Em uso,-,-,Na marca DATEN
sem patrimônio,Equipamentos de Informática,Teclados,02 unidades,Jefferson Lacerda,Laboratório,NTI,Bom,-,Em uso,-,-,Na marca Dell
sem patrimônio,Equipamentos de Informática,Teclados,04 unidades,Jefferson Lacerda,Laboratório,NTI,Bom,-,Em uso,-,-,Na marca HP
sem patrimônio,Equipamentos de Informática,Mouses,03 unidades,Jefferson Lacerda,Laboratório,NTI,Bom,-,Em uso,-,-,Na marca HP
sem patrimônio,Equipamentos de Informática,Mouses,02 unidades,Jefferson Lacerda,Laboratório,NTI,Bom,-,Em uso,-,-,Na marca DATEN
sem patrimônio,Equipamentos de Informática,Mouses,02 unidades,Jefferson Lacerda,Laboratório,NTI,Bom,-,Em uso,-,-,Na marca Dell
4407020038612022,Equipamentos de informática,Monitor,"LG 23,8 LED 24MP400-B(Hdmi, vga, versa,freesync, 75 hz,1980x1080 full hd ips)",Raphael Dourado,Laboratório,NTI,Bom,19.01.2023,Em uso,000674663,"R$ 1.145,00",Transferido para o NTI
sem patrimônio,Equipamento de som,Caixa de Som,Oneal,Renata/Junior,Laboratório,NTI,Regular,-,Em uso,-,-,transferida da Escolaridade para o NTI a pedido do servidor Jefferson (responsável pelo NTI) 
4407020006432024,Equipamento de Informática,Notebook,"Dell Latitude 14"" 3450 ( i7-1355U RAM 16GB, SSD 256GB)",,Laboratório,NTI,Novo,19.11.2024,Em uso,107322,"R$ 7.700,00",Transferido para o NTI a pedido de Mirele.
,,,,,,,,,,,,
sem patrimônio,Equipamentos de Informática,Câmera de Vídeo ,Full HD wi-fi 1MX1 IntelBras,Raphael Dourado,Laboratório,NTI,Novo,10.10.2023,No estoque,000.001.128,"R$ 285,00",todas as câmeras tem cartão de memória 32GB CLASSE A
4407020040882022,Equipamentos de Informática,Computador/Servidor,Hewllett Packard Enterprise - mod: HPE ML30 GEN10 E-2224 1P 16G NHP 1TB SUT,-,Laboratório,NTI,Novo,-,Em uso,-,-,Testando
sem patrimônio,Equipamento de Áudio/Vídeo,Tripé,"Para Projetor De Laptop Ajustavel Com
Rodas Universais",-,Administrativo,Auditório,Novo,28/2/2025,No estoque,000.015.330,"R$ 275,00","Transferido da Sala de Mirele em, 31/03/2026."
4407020008982022,Equipamentos,Caixa de ventilação,FILBOX 150 QUAD - G4/M5,-,Administrativo,Auditório,Novo,06.09.2022,Em uso,000.050.157,"R$ 450,00",-
4407020009002022,Equipamentos,Caixa de ventilação,FILBOX 150 QUAD - G4/M5,-,Administrativo,Auditório,Novo,06.09.2022,Em uso,000.050.157,"R$ 450,00",-
4407020009142022,Equipamentos,Exaustor Axial,SICFLUX MAXX 150 - 220V,-,Administrativo,Auditório,Novo,06.09.2022,Em uso,000.050.157,"R$ 480,00",-
4407020009152022,Equipamentos,Exaustor Axial,SICFLUX MAXX 150 - 220V,-,Administrativo,Auditório,Novo,06.09.2022,Em uso,000.050.157,"R$ 480,00",-
4407020029042022,Equipamentos de informática,Gabinete (CPU),UDP Daten DC3E-S amd ryzen 3 4350G win10 Pro,-,Administrativo,Auditório,Novo,19.01.2023,Em uso,000055484,"R$ 3.207,21",
4407020038162022,Equipamentos de informática,Monitor,"LG 23,8 LED 24MP400-B(Hdmi, vga, versa,freesync, 75 hz,1980x1080 full hd ips)",-,Administrativo,Auditório,Novo,19.01.2023,Em uso,000674663,"R$ 1.145,00",
4407020008852024,Moveis/Utensílios,Cadeira,Giratória sem braço em tecido,-,Administrativo,Auditório,Novo,17.12.2024,Em uso,000.002.016,"R$ 385,00",cadeira nova
4407020008862024,Moveis/Utensílios,Cadeira,Giratória sem braço em tecido,-,Administrativo,Auditório,Novo,17.12.2024,Em uso,000.002.016,"R$ 385,00",cadeira nova
4407020008872024,Moveis/Utensílios,Cadeira,Giratória sem braço em tecido,-,Administrativo,Auditório,Novo,17.12.2024,Em uso,000.002.016,"R$ 385,00",cadeira nova
4407020008882024,Moveis/Utensílios,Cadeira,Giratória sem braço em tecido,-,Administrativo,Auditório,Novo,17.12.2024,Em uso,000.002.016,"R$ 385,00",cadeira nova
4407020008822024,Moveis/Utensílios,Cadeira,Giratória sem braço em tecido,-,Administrativo,Auditório,Novo,17.12.2024,Em uso,000.002.016,"R$ 385,00",cadeira nova 
4407020009002024,Moveis/Utensílios,Cadeira,Giratória sem braço em tecido,-,Administrativo,Auditório,Novo,17.12.2024,Em uso,000.002.016,"R$ 385,00",-cadeira nova
4407020009072024,Móveis e Utensílios,Cadeira,Giratória sem braço em tecido,-,Administrativo,Auditório,Novo,17.12.2024,Em uso,000.002.016,"R$ 385,00",cadeira nova
5678 POLI 07,Móveis e Utensílios,Cadeira,Com braço, -,Administrativo,Auditório,Bom,-,Em uso,-,-,-
5681 POLI 07,Móveis e Utensílios,Cadeira,Com braço, -,Administrativo,Auditório,Bom,-,Em uso,-,-,-
5685 POLI 07,Móveis e Utensílios,Cadeira,Com braço, -,Administrativo,Auditório,Bom,-,Em uso,-,-,-
5686 POLI 07,Móveis e Utensílios,Cadeira,Com braço, -,Administrativo,Auditório,Bom,-,Em uso,-,-,-
5690 POLI 07,Móveis e Utensílios,Cadeira,Com braço, -,Administrativo,Auditório,Bom,-,Em uso,-,-,-
5691 POLI 07,Móveis e Utensílios,Cadeira,Com braço, -,Administrativo,Auditório,Bom,-,Em uso,-,-,-
5694 POLI 07,Móveis e Utensílios,Cadeira,Com braço, -,Administrativo,Auditório,Bom,-,Em uso,-,-,-
5708 POLI 07,Móveis e Utensílios,Cadeira,Com braço, -,Administrativo,Auditório,Bom,-,Em uso,-,-,-
5712 POLI 07,Móveis e Utensílios,Cadeira,Com braço, -,Administrativo,Auditório,Bom,-,Em uso,-,-,-
5714 POLI 07,Móveis e Utensílios,Cadeira,Com braço, -,Administrativo,Auditório,Bom,-,Em uso,-,-,-
5717 POLI 07,Móveis e Utensílios,Cadeira,Com braço, -,Administrativo,Auditório,Bom,-,Em uso,-,-,-
5718 POLI 07,Móveis e Utensílios,Cadeira,Com braço, -,Administrativo,Auditório,Bom,-,Em uso,-,-,-
5719 POLI 07,Móveis e Utensílios,Cadeira,Com braço, -,Administrativo,Auditório,Bom,-,Em uso,-,-,-
5720 POLI 07,Móveis e Utensílios,Cadeira,Com braço, -,Administrativo,Auditório,Bom,-,Em uso,-,-,-
5725 POLI 07,Móveis e Utensílios,Cadeira,Com braço, -,Administrativo,Auditório,Bom,-,Em uso,-,-,-
5731 POLI 07,Móveis e Utensílios,Cadeira,Com braço, -,Administrativo,Auditório,Bom,-,Em uso,-,-,-
5733 POLI 07,Móveis e Utensílios,Cadeira,Com braço, -,Administrativo,Auditório,Bom,-,Em uso,-,-,-
5737 POLI 07,Móveis e Utensílios,Cadeira,Com braço, -,Administrativo,Auditório,Bom,-,Em uso,-,-,-
5738 POLI 07,Móveis e Utensílios,Cadeira,Com braço, -,Administrativo,Auditório,Bom,-,Em uso,-,-,-
5744 POLI 07,Móveis e Utensílios,Cadeira,Com braço, -,Administrativo,Auditório,Bom,-,Em uso,-,-,-
5745 POLI 07,Móveis e Utensílios,Cadeira,Com braço, -,Administrativo,Auditório,Bom,-,Em uso,-,-,-
5747 POLI 07,Móveis e Utensílios,Cadeira,Com braço, -,Administrativo,Auditório,Bom,-,Em uso,-,-,-
5750 POLI 07,Móveis e Utensílios,Cadeira,Com braço, -,Administrativo,Auditório,Bom,-,Em uso,-,-,-
5751 POLI 07,Móveis e Utensílios,Cadeira,Com braço, -,Administrativo,Auditório,Bom,-,Em uso,-,-,-
5752 POLI 07,Móveis e Utensílios,Cadeira,Com braço, -,Administrativo,Auditório,Bom,-,Em uso,-,-,-
5754 POLI 07,Móveis e Utensílios,Cadeira,Com braço, -,Administrativo,Auditório,Bom,-,Em uso,-,-,-
5755 POLI 07,Móveis e Utensílios,Cadeira,Com braço, -,Administrativo,Auditório,Bom,-,Em uso,-,-,-
5761 POLI 07,Móveis e Utensílios,Cadeira,Com braço, -,Administrativo,Auditório,Bom,-,Em uso,-,-,-
5762 POLI 07,Móveis e Utensílios,Cadeira,Com braço, -,Administrativo,Auditório,Bom,-,Em uso,-,-,-
5765 POLI 07,Móveis e Utensílios,Cadeira,Com braço, -,Administrativo,Auditório,Bom,-,Em uso,-,-,-
5766 POLI 07,Móveis e Utensílios,Cadeira,Com braço, -,Administrativo,Auditório,Bom,-,Em uso,-,-,-
5767 POLI 07,Móveis e Utensílios,Cadeira,Com braço, -,Administrativo,Auditório,Bom,-,Em uso,-,-,-
5771 POLI 07,Móveis e Utensílios,Cadeira,Com braço, -,Administrativo,Auditório,Bom,-,Em uso,-,-,-
5772 POLI 07,Móveis e Utensílios,Cadeira,Com braço, -,Administrativo,Auditório,Bom,-,Em uso,-,-,-
5775 POLI 07,Móveis e Utensílios,Cadeira,Com braço, -,Administrativo,Auditório,Bom,-,Em uso,-,-,-
5776 POLI 07,Móveis e Utensílios,Cadeira,Com braço, -,Administrativo,Auditório,Bom,-,Em uso,-,-,-
5777 POLI 07,Móveis e Utensílios,Cadeira,Com braço, -,Administrativo,Auditório,Bom,-,Em uso,-,-,-
5778 POLI 07,Móveis e Utensílios,Cadeira,Com braço, -,Administrativo,Auditório,Bom,-,Em uso,-,-,-
5779 POLI 07,Móveis e Utensílios,Cadeira,Com braço, -,Administrativo,Auditório,Bom,-,Em uso,-,-,-
5784 POLI 07,Móveis e Utensílios,Cadeira,Com braço, -,Administrativo,Auditório,Bom,-,Em uso,-,-,-
5794 POLI 07,Móveis e Utensílios,Cadeira,Com braço, -,Administrativo,Auditório,Bom,-,Em uso,-,-,-
5803 POLI 07,Móveis e Utensílios,Cadeira,Com braço, -,Administrativo,Auditório,Bom,-,Em uso,-,-,-
5804 POLI 07,Móveis e Utensílios,Cadeira,Com braço, -,Administrativo,Auditório,Bom,-,Em uso,-,-,-
5805 POLI 07,Móveis e Utensílios,Cadeira,Com braço, -,Administrativo,Auditório,Bom,-,Em uso,-,-,-
5806 POLI 07,Móveis e Utensílios,Cadeira,Com braço, -,Administrativo,Auditório,Bom,-,Em uso,-,-,-
5809 POLI 07,Móveis e Utensílios,Cadeira,Com braço, -,Administrativo,Auditório,Bom,-,Em uso,-,-,-
5815 POLI 07,Móveis e Utensílios,Cadeira,Com braço, -,Administrativo,Auditório,Bom,-,Em uso,-,-,-
5817 POLI 07,Móveis e Utensílios,Cadeira,Com braço, -,Administrativo,Auditório,Bom,-,Em uso,-,-,-
5820 POLI 07,Móveis e Utensílios,Cadeira,Com braço, -,Administrativo,Auditório,Bom,-,Em uso,-,-,-
5821 POLI 07,Móveis e Utensílios,Cadeira,Com braço, -,Administrativo,Auditório,Bom,-,Em uso,-,-,-
5822 POLI 07,Móveis e Utensílios,Cadeira,Com braço, -,Administrativo,Auditório,Bom,-,Em uso,-,-,-
5827 POLI 07,Móveis e Utensílios,Cadeira,Com braço, -,Administrativo,Auditório,Bom,-,Em uso,-,-,-
5828 POLI 07,Móveis e Utensílios,Cadeira,Com braço, -,Administrativo,Auditório,Bom,-,Em uso,-,-,-
5830 POLI 07,Móveis e Utensílios,Cadeira,Com braço, -,Administrativo,Auditório,Bom,-,Em uso,-,-,-
5832 POLI 07,Móveis e Utensílios,Cadeira,Com braço, -,Administrativo,Auditório,Bom,-,Em uso,-,-,-
5835 POLI 07,Móveis e Utensílios,Cadeira,Com braço, -,Administrativo,Auditório,Bom,-,Em uso,-,-,-
5836 POLI 07,Móveis e Utensílios,Cadeira,Com braço, -,Administrativo,Auditório,Bom,-,Em uso,-,-,-
5837 POLI 07,Móveis e Utensílios,Cadeira,Com braço, -,Administrativo,Auditório,Bom,-,Em uso,-,-,-
5838 POLI 07,Móveis e Utensílios,Cadeira,Com braço, -,Administrativo,Auditório,Bom,-,Em uso,-,-,-
5839 POLI 07,Móveis e Utensílios,Cadeira,Com braço, -,Administrativo,Auditório,Bom,-,Em uso,-,-,-
5844 POLI 07,Móveis e Utensílios,Cadeira,Com braço, -,Administrativo,Auditório,Bom,-,Em uso,-,-,-
5856 POLI 07,Móveis e Utensílios,Cadeira,Com braço, -,Administrativo,Auditório,Bom,-,Em uso,-,-,-
5859 POLI 07,Móveis e Utensílios,Cadeira,Com braço, -,Administrativo,Auditório,Bom,-,Em uso,-,-,-
5871 POLI 07,Móveis e Utensílios,Cadeira,Com braço, -,Administrativo,Auditório,Bom,-,Em uso,-,-,-
5929 POLI 07,Móveis e Utensílios,Cadeira,Com braço, -,Administrativo,Auditório,Bom,-,Em uso,-,-,-
5931 POLI 07,Móveis e Utensílios,Cadeira,Com braço, -,Administrativo,Auditório,Bom,-,Em uso,-,-,-
sem patrimônio,Móveis e Utensílios,Cadeira,1 cadeira sem braço, -,Administrativo,Auditório,Bom,-,Em uso,-,-,-
sem patrimônio,Móveis e Utensílios,Cadeiras,32 unidades com braço, -,Administrativo,Auditório,Bom,-,Em uso,-,-,-
sem patrimônio,Móveis e Utensílios,Mesas,2 Retangular (100x60x75)cm²,-,Administrativo,Auditório,Bom,-,Em uso,-,-,-
sem patrimônio,Móveis e Utensílios,Mesa,Retamgular (300x120x75)cm²,-,Administrativo,Auditório,Bom,-,Em uso,-,-,-
sem patrimônio,Móveis e Utensílios,Lousa Quadro,Branco (400x119)cm,-,Administrativo,Auditório,Bom,-,Em uso,-,-,-
sem patrimônio,Equipamentos de Informática,Projetor,Epson Lcd Power Lite x29,-,Administrativo,Auditório,Bom,-,Em uso,-,-,-
sem patrimônio,Equipamento,Evaporador de Ar,Komeco mod: kop48fc UE220 48000btu/h,-,Administrativo,Auditório,Bom,-,Em uso,-,-,-
sem patrimônio,Equipamento,Condesador de Ar,Komeco 48000 btu/h,-,Administrativo,Auditório,Bom,-,Em uso,-,-,-
4407020004612025,Equipamentos,Evaporador de ar,Ar condicionado 48000 mil btus Carrier,-,Administrativo,Auditório,Novo,23.12.2024,Em uso,173,"R$ 4.600,00","Foram transferidos para instalação no Auditório, dia 12/11/2025. (EVAPORADORA + CONDESADORA) patrimônio colado na evaporadora."
5787,Áudio/Vídeo,Caixa de Som,Wattsom NPRC500,POLI 07,Administrativo,Auditório,Bom,-,Em uso,-,-,-
sem patrimônio,Equipamentos de Informática,Estabilizador,Eternity/Force Line,-,Administrativo,Auditório,Regular,-,Em uso,-,-,-
4407020001742025,Eletrodomestico,TV UHD,LG - LED 75 polegadas SMT 4K,IAUPE - 8832,Administrativo,Auditório,Novo,09/02/2025,Em uso,000.309.147,"R$ 5.679,00",
sem patrimônio,Suporte,SUPORTE Pedestral ,"ELG - com rodizios e 7 niveis re regulagem de altura TVS 32"" a 75"" AQ6V6_S",IAUPE,Administrativo,Auditório,Novo,08/05/2025,Em uso,000.204.553,"R$ 632,69",
12292,Suporte/Mastro,Suporte,Para bandeira,-,Administrativo,Auditório,Bom,-,Em uso,-,-,-
10730,Suporte/Mastro,Suporte,Para bandeira,-,Administrativo,Auditório,Bom,-,Em uso,-,-,-
10728,Suporte/Mastro,Suporte,Para bandeira,-,Administrativo,Auditório,Bom,-,Em uso,-,-,-
4407020009032022,Equipamentos,Caixa de ventilação,FILBOX 150 QUAD - G4/M5,Gleise Meury,Administrativo,Biblioteca,Novo,06.09.2022,Em uso,000.050.157,"R$ 450,00",-
4407020009182022,Equipamentos,Exaustor Axial,SICFLUX MAXX 150 - 220V,Gleise Meury,Administrativo,Biblioteca,Novo,06.09.2022,Em uso,000.050.157,"R$ 480,00",-
4407020003642022,Equipamentos,Evaporador de ar,ELGIN 36.000 BTUS,Gleise Meury,Administrativo,Biblioteca,Novo,06.09.2022,Em uso,-,-,-
4407020003932022,Equipamentos,Condensador de ar,ELGIN 36.000 BTUS,Gleise Meury,Administrativo,Biblioteca,Novo,06.09.2022,Em uso,-,-,-
4407020029052022,Equipamentos de informática,Gabinete (CPU),UDP Daten DC3E-S amd ryzen 3 4350G win10 Pro,Gleise Meury,Administrativo,Biblioteca,Novo,19.01.2023,Em uso,000055484,"R$ 3.207,21",transferido para biblioteca dia 07-07-2023
4407020028922022,Equipamentos de informática,Gabinete (CPU),UDP Daten DC3E-S amd ryzen 3 4350G win10 Pro,Gleise Meury,Administrativo,Biblioteca,Novo,19.01.2023,Em uso,000055484,"R$ 3.207,21",
4407020029002022,Equipamentos de informática,Gabinete (CPU),UDP Daten DC3E-S amd ryzen 3 4350G win10 Pro,Gleise Meury,Administrativo,Biblioteca,Novo,19.01.2023,Em uso,000055484,"R$ 3.207,21",
4407020038522022,Equipamentos de informática,Monitor,"LG 23,8 LED 24MP400-B(Hdmi, vga, versa,freesync, 75 hz,1980x1080 full hd ips)",Gleisi Meury,Administrativo,Biblioteca,Novo,19.01.2023,Em uso,000674663,"R$ 1.145,00",
4407020038582022,Equipamentos de informática,Monitor,"LG 23,8 LED 24MP400-B(Hdmi, vga, versa,freesync, 75 hz,1980x1080 full hd ips)",Gleisi Meury,Administrativo,Biblioteca,Novo,19.01.2023,Em uso,000674663,"R$ 1.145,00",
4407020037902022,Equipamentos de informática,Monitor,"LG 23,8 LED 24MP400-B(Hdmi, vga, versa,freesync, 75 hz,1980x1080 full hd ips)",Gleisi Meury,Administrativo,Biblioteca,Bom,19.01.2023,Em uso,000674663,"R$ 1.145,00",
4407020034322022,Equipamentos de informática,Estabilizador,ES-300VA BM 115V Bem Ligado CLK,Gleisi Meury,Administrativo,Biblioteca,Novo,19.01.2023,Em uso,000064769,"R$ 115,00",
4407020034462022,Equipamentos de informática,Estabilizador,ES-300VA BM 115V Bem Ligado CLK,Gleisi Meury,Administrativo,Biblioteca,Novo,19.01.2023,Em uso,000064769,"R$ 115,00",transferido para biblioteca dia 07-07-2024
4407020003382025,Móveis e Utensílios,Cadeira,Giratória sem braço Azul - marca Stilos,Gleise Meury,Administrativo,Biblioteca,Novo,4.2.2025,Em uso,717,-,cadeira nova
4407020008992024,Móveis e Utensílios,Cadeira,Giratória sem braço em tecido,Gleise Meury,Administrativo,Biblioteca,Novo,17.12.2024,Em uso,000.002.016,"R$ 385,00",cadeira nova
4407020009402024,Moveis/Utensílios,Cadeira,Giratória sem braço em tecido,Gleise Meury,Administrativo,Biblioteca,Novo,17.12.2024,Em uso,000.002.016,"R$ 385,00",cadeira nova
4407020009412024,Moveis/Utensílios,Cadeira,Giratória sem braço em tecido,Gleise Meury,Administrativo,Biblioteca,Novo,17.12.2024,Em uso,000.002.016,"R$ 385,00",cadeira nova
4407020009462024,Móveis e Utensílios,Cadeira,Giratória sem braço em tecido,Gleise Meury,Administrativo,Biblioteca,Novo,17.12.2024,Em uso,000.002.016,"R$ 385,00",cadeira nova
4407020009432024,Moveis/Utensílios,Cadeira,Giratória sem braço em tecido,Gleise Meury,Administrativo,Biblioteca,Novo,17.12.2024,Em uso,000.002.016,"R$ 385,00",cadeira nova
4407020009472024,Móveis e Utensílios,Cadeira,Giratória sem braço em tecido,Gleise Meury,Administrativo,Biblioteca,Novo,17.12.2024,Em uso,000.002.016,"R$ 385,00",cadeira nova
sem patrimônio,Móveis e Utensílios,Estante,para revista com 5 prateleiras - 1 unidade,Gleise Meury,Administrativo,Biblioteca,Bom,-,Em uso,-,-,-
4407100005152015,Móveis e Utensílios,Estante,Para Livros com 5 prateleiras,Gleise Meury,Administrativo,Biblioteca,Bom,-,Em uso,-,-,-
4407100005162015,Móveis e Utensílios,Estante,Para Livros com 5 prateleiras,Gleise Meury,Administrativo,Biblioteca,Bom,-,Em uso,-,-,-
4407100005172015,Móveis e Utensílios,Estante,Para Livros com 5 prateleiras,Gleise Meury,Administrativo,Biblioteca,Bom,-,Em uso,-,-,"Não foi possível realizar a conferência do tombamento, visto que a numeração patrimonial encontra-se voltada para a parede, impedindo a visualização. "
4407100005182015,Móveis e Utensílios,Estante,Para Livros com 5 prateleiras,Gleise Meury,Administrativo,Biblioteca,Bom,-,Em uso,-,-,"Conferência patrimonial dos tombamentos itens 517/518 executada em 05/05/2026, após etapa de organização física dos bens."
4407100005192015,Móveis e Utensílios,Estante,Para Livros com 5 prateleiras,Gleise Meury,Administrativo,Biblioteca,Bom,-,Em uso,-,-,-
4407100005202015,Móveis e Utensílios,Estante,Para Livros com 5 prateleiras,Gleise Meury,Administrativo,Biblioteca,Bom,-,Em uso,-,-,-
4407100005212015,Móveis e Utensílios,Estante,Para Livros com 5 prateleiras,Gleise Meury,Administrativo,Biblioteca,Bom,-,Em uso,-,-,-
4407100005222015,Móveis e Utensílios,Estante,Para Livros com 5 prateleiras,Gleise Meury,Administrativo,Biblioteca,Bom,-,Em uso,-,-,-
4407100000712015,Móveis e Utensílios,Estante,Para Livros com 5 prateleiras,Gleise Meury,Administrativo,Biblioteca,Bom,-,Em uso,-,-,-
4407100000722015,Móveis e Utensílios,Estante,Para Livros com 5 prateleiras,Gleise Meury,Administrativo,Biblioteca,Bom,-,Em uso,-,-,-
sem patrimônio,Móveis e Utensílios,Estante,Para Livros com 5 prateleiras,Gleise Meury,Administrativo,Biblioteca,Bom,-,Em uso,-,-,Estante de aço
sem patrimônio,Móveis e Utensílios,Estante,Para Livros com 5 prateleiras,Gleise Meury,Administrativo,Biblioteca,Bom,-,Em uso,-,-,Estante de aço
sem patrimônio,Móveis e Utensílios,Mesa,Retangular (190x57x75)cm²,Gleise Meury,Administrativo,Biblioteca,Bom,-,Em uso,-,-,mesa dos computadores novos
8300447178,Móveis e Utensílios,Mesa,Retangular com 3 gaveteiros (110x60x76)cm²,Gleise Meury,Administrativo,Biblioteca,Bom,-,Em uso,-,-,
8300447177,Móveis e Utensílios,Mesa,Retangular com 3 gaveteiros (110x60x76)cm²,Gleise Meury,Administrativo,Biblioteca,Bom,-,Em uso,-,-,
4407020026142022,Equipamentos de Informática,Leitor de codigo de barras,Sem Fio LB-w200,Gleise Meury,Administrativo,Biblioteca,Novo,-,Em uso,-,-,"""Patrimônio localizado; etiqueta de tombamento ausente ou extraviada."""
4407020026152022,Equipamentos de Informática,Leitor de codigo de barras,Sem Fio LB-w200,Gleise Meury,Administrativo,Biblioteca,Novo,-,Em uso,-,-,
sem patrimônio,Móveis e Utensílios,Mesa,"01 Unidade – Mesa Circular para Reunião, com diâmetro de 120 cm e altura de 75 cm",Gleise Meury,Administrativo,Biblioteca,Bom,-,Em uso,-,-,
sem patrimônio,Móveis e Utensílios,Mesa,"2 Unidade – Mesa Circular para Reunião, com diâmetro de 120 cm e altura de 75 cm",Gleise Meury,Administrativo,Biblioteca,Bom,-,Em uso,-,-,
5793 POLI 07,Móveis e Utensílios,Mesa de Apoio,Retangular (120x50x40)cm²,Gleise Meury,Administrativo,Biblioteca,Bom,-,Em uso,-,-,
sem patrimônio,Móveis e Utensílios,Cadeira,Giratória com braço em tecido,Gleise Meury,Administrativo,Biblioteca,Bom,-,Em uso,-,-,"""Patrimônio localizado; etiqueta de tombamento ausente ou extraviada."""
sem patrimônio,Jogos/Diversão,Xadrez,4 unidades - Brains Chess AO QING,Gleise Meury,Administrativo,Biblioteca,Novo,-,No estoque,-,-,Apenas para Controle
sem patrimônio,Jogos/Diversão,Jogo de Cartas ,5 unidades - Maverick Playing cards,Gleise Meury,Administrativo,Biblioteca,Novo,-,No estoque,-,-,Apenas para Controle
sem patrimônio,Jogos/Diversão,Resta UM,4 unidades - Xalingo,Gleise Meury,Administrativo,Biblioteca,Novo,-,No estoque,-,-,Apenas para Controle
sem patrimônio,Jogos/Diversão,Ludo,4 unidades Xalingo,Gleise Meury,Administrativo,Biblioteca,Novo,-,No estoque,-,-,Apenas para Controle
sem patrimônio,Jogos/Diversão,Damas,4 unidades - Xalingo,Gleise Meury,Administrativo,Biblioteca,Novo,-,No estoque,-,-,Apenas para Controle
sem patrimônio,Jogos/Diversão,Trilha,4 unidades - Coluna,Gleise Meury,Administrativo,Biblioteca,Novo,-,No estoque,-,-,Apenas para Controle
sem patrimônio,Equipamentos de Informática,Mouses,3 unidades,Gleise Meury,Administrativo,Biblioteca,Bom,-,Em uso,-,-,da marca DATEN
sem patrimônio,Equipamentos de Informática,Teclados,3 unidades,Gleise Meury,Administrativo,Biblioteca,Bom,-,Em uso,-,-,da marca DATEN
,,,,,,,,,,,,
4407020003232022,Equipamentos,Evaporador de ar,ELGIN 24.000 BTUS,,Administrativo,PPGEC + dotLAB - Antiga Sala dos Professores,Novo,06.09.2022,Em uso,-,-,-
4407020003422022,Equipamentos,Condensador de ar,ELGIN 24.000 BTUS,,Administrativo,PPGEC + dotLAB - Antiga Sala dos Professores,Novo,06.09.2022,Em uso,-,-,-
sem patrimônio,Móveis e Utensílios,Mesa,Circular (119 diametro x 79altura)cm,-,Administrativo,PPGEC + dotLAB - Antiga Sala dos Professores,Bom,-,Em uso,-,-,-
sem patrimônio,Móveis e Utensílios,Mesa,Retangular com 2 gaveteiros (120x60x75)cm²,-,Administrativo,PPGEC + dotLAB - Antiga Sala dos Professores,Regular,-,Em uso,-,-,-
,,,,,,,,,,,,
4407020009012022,Equipamentos,Caixa de ventilação,FILBOX 150 QUAD - G4/M5,Renata Torres,Administrativo,Escolaridade,Novo,06.09.2022,Em uso,000.050.157,"R$ 450,00",-
4407020009132022,Equipamentos,Exaustor Axial,SICFLUX MAXX 150 - 220V,Renata Torres,Administrativo,Escolaridade,Novo,06.09.2022,Em uso,000.050.157,"R$ 480,00",-
4407020028782022,Equipamentos de informática,Gabinete (CPU),UDP Daten DC3E-S amd ryzen 3 4350G win10 Pro,Renata,Administrativo,Escolaridade,Novo,19.01.2023,Em uso,000055484,"R$ 3.207,21",
4407020028432022,Equipamentos de informática,Gabinete (CPU),UDP Daten DC3E-S amd ryzen 3 4350G win10 Pro,Renata,Administrativo,Escolaridade,Novo,19.01.2023,Em uso,000055484,"R$ 3.207,21",
4407020028352022,Equipamentos de informática,Gabinete (CPU),UDP Daten DC3E-S amd ryzen 3 4350G win10 Pro,Renata,Administrativo,Escolaridade,Novo,19.01.2023,Em uso,000055484,"R$ 3.207,21",
4407020038292022,Equipamentos de informática,Monitor,"LG 23,8 LED 24MP400-B(Hdmi, vga, versa,freesync, 75 hz,1980x1080 full hd ips)",Renata,Administrativo,Escolaridade,Novo,19.01.2023,Em uso,000674663,"R$ 1.145,00",
4407020038332022,Equipamentos de informática,Monitor,"LG 23,8 LED 24MP400-B(Hdmi, vga, versa,freesync, 75 hz,1980x1080 full hd ips)",Renata,Administrativo,Escolaridade,Novo,19.01.2023,Em uso,000674663,"R$ 1.145,00",
4407020038282022,Equipamentos de informática,Monitor,"LG 23,8 LED 24MP400-B(Hdmi, vga, versa,freesync, 75 hz,1980x1080 full hd ips)",Renata,Administrativo,Escolaridade,Novo,19.01.2023,Em uso,000674663,"R$ 1.145,00",
sem patrimônio,Móveis e Utensílios,Lousa/Quadro ,Branco (123x94)cm²,Renata/Junior,Administrativo,Escolaridade,Bom,-,Em uso,-,-,-
sem patrimônio,Móveis e Utensílios,Cadeira,1 unidade sem braço,Renata/Junior,Administrativo,Escolaridade,Regular,-,Em uso,-,-,-
sem patrimônio,Móveis e Utensílios,Armário, De Aço fechado com 4 prateleiras,Renata/Junior,Administrativo,Escolaridade,Danificado,-,Em uso,-,-,já apresenta avarias e prateleiras tortas.
4407020006912024,Móveis e Utensílios,Armário Alto,Madeira duas portas (800x1600x500) mm,Renata/Junior,Administrativo,Escolaridade,Novo,21.11.2024,Em uso,000.002.507,"R$ 1.861,28",-
sem patrimônio,Móveis e Utensílios,Estante,de madeira com 10 divisorias,Renata/Junior,Administrativo,Escolaridade,Regular,-,Em uso,-,-,-
4407100004282015,Móveis e Utensílios,Gaveteiro,1 unidade - De aço com 4 gavetas,Renata/Junior,Escolaridade,Arquivo Intermediário,Bom,-,Em uso,-,-,"""Patrimônio localizado; etiqueta de tombamento ausente ou extraviada."""
sem patrimônio,Móveis e Utensílios,Gaveteiros,6 unidades - De aço com 4 gavetas,Renata/Junior,Escolaridade,Arquivo Intermediário,Novo,05-04-2024,Em uso,000.000.017,"R$ 640,00",-
sem patrimônio,Móveis e Utensílios,Gaveteiros,4 unidades - De aço com 4 gavetas,Renata/Junior,Escolaridade,Arquivo Intermediário,Novo,05-04-2024,Em uso,000.000.017,"R$ 640,00",-
4407020006702024,Móveis e Utensílios,Mesa,Retangular (1200x745x600) mm,Renata/Junior,Administrativo,Escolaridade,Novo,21.11.2024,Em uso,000.002.507,"R$ 975,50",-
4407020008392024,Equipamento,Evaporador + Condesador de ar 24000 Btus,Philco,Renata,Administrativo,Escolaridade,Novo,18.12.2024,Em uso,000.000.371,"R$ 7.029,00",Transferido do almoxarifado para escolaridade  dia 12/11/2025 a pedido do vice diretor para substituir o ar condicionado antigo (com problema)
sem patrimônio,Móveis e Utensílios,Estantes,Aço - 2 unidades,Renata/Junior,Escolaridade,Arquivo Corrente e Intermediário,Bom,-,Em uso,-,-,"02 (duas) estantes de aço, sendo uma com 06 (seis) prateleiras e outra com 07 (sete) prateleiras."
sem patrimônio,Equipamentos de telecomunicação,Telefone,Intelbras Pleno NS: NSUL1501957Z4,Renata/Junior,Administrativo,Escolaridade,Bom,-,Em uso,-,-,-
sem patrimônio,Áudio/Vídeo,Caixa de Som,"MF 140 usb FM FRAHM 6"" coaxial RMS 40w",Renata/Junior,Administrativo,Escolaridade,Regular,-,Em uso,-,-,Funcionando / falta apenas colocar tomada
4407020008832024,Móveis e Utensílios,Cadeira,Giratória sem braço em tecido - preta,Renata/Junior,Administrativo,Escolaridade,Novo,17.12.2024,Em uso,000.002.016,"R$ 385,00",cadeira nova 
4407020003352025,Móveis e Utensílios,Cadeira,Giratória sem braço Azul - marca Stilos,Jeová,Administrativo,Escolaridade,Novo,4.2.2025,Em uso,717,,cadeira nova 
4407020003372025,Móveis e Utensílios,Cadeira,Giratória sem braço Azul - marca Stilos,Jeová,Administrativo,Escolaridade,Novo,4.2.2025,Em uso,717,,cadeira nova 
sem patrimônio,Móveis e Utensílios,Cadeiras,4 unidades sem braço,Jeová,Administrativo,Escolaridade,Bom,-,Em uso,-,-,-
4407020008842024,Móveis e Utensílios,Cadeira,Giratória sem braço em tecido - preta,Jeová,Administrativo,Escolaridade,Novo,17.12.2024,Em uso,000.002.016,"R$ 385,00",cadeira nova 
4407020008732024,Moveis/Utensílios,Cadeira ,Giratória sem braço em tecido,Jeová,Administrativo,Escolaridade,Novo,17.12.2024,Em uso,000.002.016,"R$ 385,00",cadeira nova
sem patrimônio,Móveis e Utensílios,Gaveteiro,Aço com 4 Gavetas,Jeová,Administrativo,Escolaridade,Bom,-,Em uso,-,-,-
sem patrimônio,Móveis e Utensílios,Mesa,Retangular Pequena (120x40x74)cm²,Jeová,Administrativo,Escolaridade,Bom,-,Em uso,-,-,-
sem patrimônio,Móveis e Utensílios,Mesa de Escritório,retangular (137x60x75)cm²,Jeová,Administrativo,Escolaridade,Bom,-,Em uso,-,-,-
sem patrimônio,Móveis e Utensílios,Mesa de Escritório,Retangular com 2 gaveteiros (120x60x75)cm²,Jeová,Administrativo,Escolaridade,Bom,-,Em uso,-,-,-
sem patrimônio,Móveis e Utensílios,Mesa,Retangular(190x57x75)cm²,Jeová,Administrativo,Escolaridade,Bom,-,Em uso,-,-,-
sem patrimônio,Móveis e Utensílios,Mesa,Retangular(190x57x75)cm²,Jeová,Administrativo,Escolaridade,Bom,-,Em uso,-,-,-
sem patrimônio,Equipamentos de Informática,Multifuncional ,Samsung ProXpress M400FR volts 110-127v,Jeová,Administrativo,Escolaridade,Regular,-,Em uso,-,-,Apresenta problemas com a scanner.
Sem Patrimônio - IAUPE,Equipamento de Informática,Nobreak,XNB 1440 VA 6 tomadas bivolt Intelbras,IAUPE,Administrativo,Escolaridade,Novo,17.04.2026,Em uso,15700778,"R$ 919,91","Comprado pelo IAUPE para uso da impressora no setor do RH. Realizado a troca para escolaridade em, 08/05/2026."
sem patrimônio,Equipamentos de telecomunicação,Telefone,Intelbras Pleno NS: NSUL1501956E6,Jeová,Administrativo,Escolaridade,Bom,-,Em uso,-,-,-
4407020006212024,Equipamentos de Informática,Projetor,5000 Lumens Brazil M18-W BPC1080P,Renata,Administrativo,Escolaridade,Novo,24.10.2024,Em uso,69,"R$ 1.294,60",Equipamento disponibilizado para os docentes ministrar aula - A pedido de Robson. Será feito uma lista de controle de uso do equipamento.
4407020006232024,Equipamentos de Informática,Projetor,5000 Lumens Brazil M18-W BPC1080P,Renata,Administrativo,Escolaridade,Novo,24.10.2024,Em uso,69,"R$ 1.294,60",Equipamento disponibilizado para os docentes ministrar aula - A pedido de Robson. Será feito uma lista de controle de uso do equipamento.
sem patrimônio,Equipamentos de Informática,Câmera de Vídeo ,Full HD wi-fi 1MX1 IntelBras,Jeová/Renata,Administrativo,Escolaridade,Novo,27.09.2023,Em uso,000.085.105,"R$ 226,71",todas as câmeras tem cartão de memória 32GB CLASSE A
sem patrimônio,Equipamentos de informática,Estabilizador,Force Line / Eternity,Jeová/Renata,Administrativo,Escolaridade,Regular,-,Em uso,-,-, -
sem patrimônio,Equipamentos de informática,Estabilizador,Force Line / Eternity,Jeová/Renata,Administrativo,Escolaridade,Regular,-,Em uso,-,-, -
sem patrimônio,Equipamentos de Informática,Mouses,3 unidades,Jeová/Renata,Administrativo,Escolaridade,Regular,-,Em uso,-,-,da marca Daten
sem patrimônio,Equipamentos de Informática,Teclados,3 unidades,Jeová/Renata,Administrativo,Escolaridade,Regular,-,Em uso,-,-,da marca Daten
sem patrimônio,Equipamentos de Informática,Quadro de avisos,1 unidade ,Jeová/Renata,Administrativo,Escolaridade,Novo,-,Em uso,-,-,"01 (um) quadro de avisos, em madeira, com dimensões de 50 x 70 cm"
sem patrimônio,Equipamentos de Informática,Quadro de avisos,1 unidade ,Jeová/Renata,Administrativo,Escolaridade,Bom,-,Em uso,-,-,"01 (um) quadro de avisos, com estrutura em alumínio nas laterais e painel central revestido em cortiça, com dimensões de 50 x 70 cm (A x L)."
4407020009022022,Equipamentos,Caixa de ventilação,FILBOX 150 QUAD - G4/M5,Rosie,Administrativo,Sala de Reuniões,Novo,06.09.2022,Em uso,000.050.157,"R$ 450,00",-
4407020009122022,Equipamentos,Exaustor Axial,SICFLUX MAXX 150 - 220V,Rosie,Administrativo,Sala de Reuniões,Novo,06.09.2022,Em uso,000.050.157,"R$ 480,00",-
4407020023112022,Equipamentos de Informática,Access Point,Ruckus Zone Flex R610,Rosie,Administrativo,Sala de Reuniões,Novo,-,Em uso,-,-,-
sem patrimônio,Eletrodomésticos,Bebedouro/Água,ElectroLux,Rosie,Administrativo,Sala de Reuniões,Bom,10.03.2023,Em uso,5355918,"R$ 692,55",Equipamento novo adquirido pela UPE CARUARU
sem tombamento,Móveis e utensílios,Sofá,De Veludo na cor marrom de 02 lugares,Rosie,Administrativo,Sala de Reuniões,Bom,06.09.2022,Em uso,-,-,-
801 - Polo comercial,Móveis e Utensílios,Mesa,retangular (110x73x74)cm²,Rosie,Administrativo,Sala de Reuniões,Regular,-,Em uso,-,-,patrimônio do Polo Caruaru
4407020008702024,Moveis/Utensílios,Cadeira ,Giratória sem braço em tecido,Rosie,Administrativo,Sala de Reuniões,Novo,17.12.2024,Em uso,000.002.016,"R$ 385,00",cadeiras novas 
4407020008712024,Moveis/Utensílios,Cadeira ,Giratória sem braço em tecido,Rosie,Administrativo,Sala de Reuniões,Novo,17.12.2024,Em uso,000.002.016,"R$ 385,00",cadeiras novas 
4407020008802024,Móveis e Utensílios,Cadeira,Giratória sem braço em tecido,Rosie,Administrativo,Sala de Reuniões,Novo,17.12.2024,Em uso,000.002.016,"R$ 385,00",cadeira nova
4407020008902024,Móveis e Utensílios,Cadeira,Giratória sem braço em tecido,Rosie,Administrativo,Sala de Reuniões,Novo,17.12.2024,Em uso,000.002.016,"R$ 385,00",cadeira nova
4407020009442024,Moveis/Utensílios,Cadeira,Giratória sem braço em tecido,Rosie,Administrativo,Sala de Reuniões,Novo,17.12.2024,Em uso,000.002.016,"R$ 385,00",cadeira nova
4407020008722024,Moveis/Utensílios,Cadeira ,Giratória sem braço em tecido,Rosie,Administrativo,Sala de Reuniões,Novo,17.12.2024,Em uso,000.002.016,"R$ 385,00",cadeiras novas 
4407020008762024,Moveis/Utensílios,Cadeira ,Giratória sem braço em tecido,Rosie,Administrativo,Sala de Reuniões,Novo,17.12.2024,Em uso,000.002.016,"R$ 385,00",cadeiras novas 
sem patrimônio,Móveis e Utensílios,Cadeira,"Giratória com braço, na cor preta, em tecido ",Rosie,Administrativo,Sala de Reuniões,Bom,-,Em uso,-,-,"""Fiz o registro do patrimônio; etiqueta de tombamento ausente ou extraviada."""
sem patrimônio,Móveis e Utensílios,Sofá,Dois lugares (120x47x85)cm²,Rosie,Administrativo,Sala de Reuniões,Regular,-,Em uso,-,-,-
4407020006672024,Móveis e Utensílios,Mesa,Retangular (1200x745x600) mm,Rosie,Administrativo,Sala de Reuniões,Novo,21.11.2024,Em uso,000.002.507,"R$ 975,50",-
4407020006682024,Móveis e Utensílios,Mesa,Retangular (1200x745x600) mm,Rosie,Administrativo,Sala de Reuniões,Novo,21.11.2024,Em uso,000.002.507,"R$ 975,50",-
4407020006902024,Móveis e Utensílios,Armário Alto,Madeira 02 portas (800x1600x500) mm,Rosie,Administrativo,Sala de Reuniões,Novo,21.11.2024,Em uso,000.002.507,"R$ 1.861,28",-
sem patrimônio,Móveis e Utensílios,Mesa,Central(Reunião) (300x120x75)cm²,Rosie,Administrativo,Sala de Reuniões,Bom,-,Em uso,-,-,-
sem patrimônio,Equipamentos,Evaporador de Ar,LG TSNC1825MA3 18.000 btu/h 220v 60 hertz,Rosie,Administrativo,Sala de Reuniões,Bom,-,Em uso,-,-,-
sem patrimônio,Equipamentos,Condensador de Ar,LG 18000 btu/h,Rosie,Administrativo,Sala de Reuniões,Bom,-,Em uso,-,-,-
sem patrimônio,Equipamentos de Informática,Estabilizador,Microsol/ Sol NG2,Rosie,Administrativo,Sala de Reuniões,Regular,-,Em uso,-,-,-
sem patrimônio,Equipamentos de Informática,Estabilizador,Microsol/ Sol NG2,Rosie,Administrativo,Sala de Reuniões,Regular,-,Em uso,-,-,-
4407100004262015,Móveis e Utensílios,Gaveteiro,Aço com 4 gavetas,Rosie,Administrativo,Sala de Reuniões,Bom,-,Em uso,-,-,-
4407020028902022,Equipamentos de informática,Gabinete (CPU),UDP Daten DC3E-S amd ryzen 3 4350G win10 Pro,Rosie,Administrativo,Sala de Reuniões,Novo,19.01.2023,Em uso,000055484,"R$ 3.207,21",
4407020028682022,Equipamentos de informática,Gabinete (CPU),UDP Daten DC3E-S amd ryzen 3 4350G win10 Pro,Rosie,Administrativo,Sala de Reuniões,Novo,19.01.2023,Em uso,000055484,"R$ 3.207,21",
4407020038502022,Equipamentos de informática,Monitor,"LG 23,8 LED 24MP400-B(Hdmi, vga, versa,freesync, 75 hz,1980x1080 full hd ips)",Rosie,Administrativo,Sala de Reuniões,Novo,19.01.2023,Em uso,000674663,"R$ 1.145,00",
4407020038202022,Equipamentos de informática,Monitor,"LG 23,8 LED 24MP400-B(Hdmi, vga, versa,freesync, 75 hz,1980x1080 full hd ips)",Rosie,Administrativo,Sala de Reuniões,Novo,19.01.2023,Em uso,000674663,"R$ 1.145,00",
sem patrimônio,Equipamentos de Informática,Mouses,2 unidades,Rosie,Administrativo,Sala de Reuniões,Bom,-,Em uso,-,-,da marca Daten
sem patrimônio,Equipamentos de Informática,Teclados,2 unidades,Rosie,Administrativo,Sala de Reuniões,Bom,-,Em uso,-,-,da marca Daten
4407020029022022,Equipamentos de informática,Gabinete (CPU),UDP Daten DC3E-S amd ryzen 3 4350G win10 Pro,Mirele Moutinho,Administrativo,Direção,Novo,19.01.2023,Em uso,000055484,"R$ 3.207,21",
4407020029132022,Equipamentos de informática,Gabinete (CPU),UDP Daten DC3E-S amd ryzen 3 4350G win10 Pro,Mirele Moutinho,Administrativo,Direção,Novo,19.01.2023,Em uso,000055484,"R$ 3.207,21",foi transferido para sala da gestão executiva a pedido de robson no dia 30-04-2025
4407020038352022,Equipamentos de informática,Monitor,"LG 23,8 LED 24MP400-B(Hdmi, vga, versa,freesync, 75 hz,1980x1080 full hd ips)",Mirele Moutinho,Administrativo,Direção,Novo,19.01.2023,Em uso,000674663,"R$ 1.145,00",
4407020034412022,Equipamentos de informática,Estabilizador,ES-300VA BM 115V Bem Ligado CLK,Mirele,Administrativo,Direção,Bom,19.01.2023,Em uso,000064769,"R$ 115,00","Transferido do NTI para sala de Mirele, pois o dela queimou"
4407020034392022,Equipamentos de informática,Estabilizador,ES-300VA BM 115V Bem Ligado CLK,Mirele,Administrativo,Direção,Bom,19.01.2023,No estoque,000064769,"R$ 115,00",Transferido do NTI para sala de Mirele
sem patrimônio,Móveis e Utensílios,Mesa,"Madeira (160x74,5x73)cm²",Mirele,Administrativo,Direção,Ruim,-,Em uso,-,-,professora relatou que está descascando e prendendo os fios nas roupas/estragando
4407020006882024,Moveis/Utensílios,Armário Alto,Madeira duas portas (800x1600x500) mm,Mirele,Administrativo,Direção,Novo,21.11.2024,Em uso,000.002.507,"R$ 1.861,28",
4407020006892024,Moveis/Utensílios,Armário Alto,Madeira duas portas (800x1600x500) mm,Mirele,Administrativo,Direção,Novo,21.11.2024,Em uso,000.002.507,"R$ 1.861,28",
4407020008742024,Moveis/Utensílios,Cadeira ,Giratória sem braço em tecido,Mirele,Administrativo,Direção,Novo,17.12.2024,Em uso,000.002.016,"R$ 385,00",cadeiras novas 
4407020008772024,Moveis/Utensílios,Cadeira ,Giratória sem braço em tecido,Mirele,Administrativo,Direção,Novo,17.12.2024,Em uso,000.002.016,"R$ 385,00",cadeiras novas 
sem patrimônio,Móveis e Utensílios,Cadeiras,4 Unidades (todas com braços),Mirele,Administrativo,Direção,Regular,-,Em uso,-,-,"04 (quatro) cadeiras giratórias, na cor preta, todas com braços."
sem patrimônio,Móveis e Utensílios,Cadeira ,Presidente,Mirele,Administrativo,Direção,Bom,-,Em uso,-,-,foi doado por mirele para UPE-Caruaru
sem patrimônio,Equipamento de Informática,Webcam,LEHMOX mod: LEY-53 HD,Mirele,Administrativo,Direção,Novo,-,Em uso,-,-,Doada por professora Sônia
4407020006412024,Eletrodomestico,TV,TLC 55 Polegadas UHD 4k,Mirele,Administrativo,Direção,Novo,06/11/2024,No estoque,000.144.245,"R$ 2.577,00",S/N:941866G4AA125480
4407020006422024,Moveis/Utensílios,Suporte para Televisão,32 a 70 polegadas,Mirele,Administrativo,Direção,Novo,21/11/2024,Em uso,98,"R$ 555,00",
sem patrimônio,Equipamentos de Informática,Webcam,Logitech full HD,Mirele,Administrativo,Direção,Novo,28/04/2023,No estoque,060663,"R$ 599,00",Doação - Aguardar procedimento para tombamento?
sem patrimônio,Equipamentos de Informática,Multifuncional ,Cannon Mult. JT. G3110,Mirele,Administrativo,Direção,Bom,28/04/2023,Em uso,-,-,"Equipamento foi solicitado para o Laboratório de Inovação, por Robson, dia 01-09-2023, foi transferido para sala de gestão executiva a pedido de Mirele"
sem patrimônio,Móveis e Utensílios,Cofre,"(14,5 x13,2 x 81)cm²",Mirele,Administrativo,Direção,Bom,-,Em uso,-,-,-
4407020001932022,Equipamento,Evaporador de ar,ELGIN 12.000 BTUS,Pro-Reitoria Administrativa,Administrativo,Direção,Novo,06.09.2022,Em uso,-,-,transferido do almoxarifado para a nova sala da gestão executiva dia 16/10/2024 a pedido da Coordenação Administrativa 
4407020002182022,Equipamento,Condensador de ar,ELGIN 12.000 BTUS,Pro-Reitoria Administrativa,Administrativo,Direção,Novo,06.09.2022,Em uso,-,-,transferido do almoxarifado para a nova sala da gestão executiva dia 16/10/2024 a pedido da Coordenação Administrativa 
sem patrimônio,Móveis e Utensílios,Mesa,"Madeira (200x120x72,5) cm",Mirele,Administrativo,Direção,Bom,-,Em uso,-,-,"01 (uma) mesa de reunião em madeira, na cor preta, com dimensões de 200 x 120 x 72,5 cm"
sem patrimônio,Equipamentos ,Banner + Suporte,Portátil,MIRELE,Administrativo,Direção,Ruim,-,No estoque,-,-,Doado por professora Sônia
4407020006442024,Equipamento de Informática,Notebook,"Dell Latitude 14"" 3450 ( i7-1355U RAM 16GB, SSD 256GB)",Mirele,Administrativo,Direção,Novo,19.11.2024,Em uso,107322,"R$ 7.700,00",Transferido para responsabilidade de Mirele (Termo de responsabilidade)
4407020006452024,Equipamento de Informática,Notebook,"Dell Latitude 14"" 3450 ( i7-1355U RAM 16GB, SSD 256GB)",Tarcisio,-,-,Novo,19.11.2024,Em uso,107322,"R$ 7.700,00",Cedido a professor Tarcísio a pedido da Gestão Executiva (Mirele) - Termo de Responsabilidade
4407020006462024,Equipamento de Informática,Notebook,"Dell Latitude 14"" 3450 ( i7-1355U RAM 16GB, SSD 256GB)",Othon,-,-,Novo,19.11.2024,Em uso,107322,"R$ 7.700,00",Cedido a professor Othon a pedido da Gestão Executiva (Mirele) - Termo de Responsabilidade
4407020006472024,Equipamento de Informática,Notebook,"Dell Latitude 14"" 3450 ( i7-1355U RAM 16GB, SSD 256GB)",Bianca,-,-,Novo,19.11.2024,Em uso,107322,"R$ 7.700,00",Cedido a professora Bianca a pedido da Gestão Executiva (Mirele) - Termo de Responsabilidade
4407020006482024,Equipamento de Informática,Notebook,"Dell Latitude 14"" 3450 ( i7-1355U RAM 16GB, SSD 256GB)",Pontual,-,-,Novo,19.11.2024,Em uso,107322,"R$ 7.700,00",Cedido a professor Fernando Pontual a pedido da Gestão Executiva (Mirele) - Termo de Responsabilidade
sem patrimônio,Equipamentos ,Banner + Suporte,Portátil,MIRELE,Administrativo,Direção,Ruim,-,No estoque,-,-,Doado por professora Sônia
sem tombamente,Equipamento de Informática,Microfone de mesa,Auto Falante 360 graus,Mirele,Administrativo,Direção,Novo,10/3/2025,No estoque,,,"não veio com NF, nota de empenho apenas, Mirele que trouxe"
sem tombamento,Equipamento de Informática,Microfone de mesa,Omnidirecional com mudo USB - OEX,Mirele,Administrativo,Direção,Novo,19/11/2024,Em uso,000.000.607,"R$ 297,50",
4407020028822022,Equipamentos de informática,Gabinete (CPU),UDP Daten DC3E-S amd ryzen 3 4350G win10 Pro,-,Administrativo,Coordenações de Cursos,Bom,19.01.2023,Em uso,000055484,"R$ 3.207,21",
4407020038082022,Equipamentos de informática,Monitor,"LG 23,8 LED 24MP400-B(Hdmi, vga, versa,freesync, 75 hz,1980x1080 full hd ips)",-,Administrativo,Coordenações de Cursos,Novo,19.01.2023,Em uso,000674663,"R$ 1.145,00",
4407020006722024,Móveis e Utensílios,Mesa,Retangular(1200x745x600) mm,-,Administrativo,Coordenações de Cursos,Novo,21.11.2024,Em uso,000.002.507,"R$ 975,00",
4407020006782024,Móveis e Utensílios,Mesa,Retangular(1200x745x600) mm,-,Administrativo,Coordenações de Cursos,Novo,21.11.2024,Em uso,000.002.507,"R$ 975,00",
sem patrimônio,Móveis e Utensílios,Quadro de avisos,1 unidade,-,Administrativo,Coordenações de Cursos,Bom,-,Em uso,-,-,"01 (um) quadro de avisos, em madeira, com dimensões de 50 x 70 cm (A x L)."
sem patrimônio,Móveis e Utensílios,Estante ,1 unidade - de aço com 6 prateleiras,-,Administrativo,Coordenações de Cursos,Bom,-,Em uso,-,-,
sem patrimônio,Equipamentos de Informática,Teclado,1 unidade,-,Administrativo,Coordenações de Cursos,Bom,-,Em uso,-,-,da marca HP
sem patrimônio,Equipamentos de Informática,Mouse,1 unidade,-,Administrativo,Coordenações de Cursos,Bom,-,Em uso,-,-,da marca Daten
4407020034292022,Equipamentos de informática,Estabilizador,ES-300VA BM 115V Bem Ligado CLK,-,Administrativo,Coordenações de Cursos,Novo,19.01.2023,Em uso,000064769,"R$ 115,00",transferido para biblioteca dia 07-07-2023
sem patrimônio,Equipamentos de telecomunicação,Telefone,Intelbras Pleno NS: NSUL150521889,-,Administrativo,Coordenações de Cursos,Bom,-,Em uso,-,-,-
sem patrimônio,Equipamentos de telecomunicação,Telefone,Intelbras Pleno NS: NSUL15052160Q,-,Administrativo,Coordenações de Cursos,Bom,-,Em uso,-,-,-
4407020008792024,Moveis/Utensílios,Cadeira,Giratória sem braço em tecido,Sônia Fortes,Administrativo,Setorial de Graduação - Profa. Sônia e Élyda,Novo,17.12.2024,Em uso,000.002.016,"R$ 385,00",cadeira nova
4407020008752024,Moveis/Utensílios,Cadeira ,Giratória sem braço em tecido,Sônia Fortes,Administrativo,Setorial de Graduação - Profa. Sônia e Élyda,Novo,17.12.2024,Em uso,000.002.016,"R$ 385,00",cadeiras novas 
8300447185,Móveis e Utensílios,Mesa,retangular com 3 gavetas (110x60x74)cm²,Secretária de Educação,Administrativo,Setorial de Graduação - Profa. Sônia e Élyda,Bom,-,Em uso,-,-,-
8300447181,Móveis/Utensílios,Mesa,Retangular com 3 gaveteiros (110x60x75)cm,Secretária de Saúde,Administrativo,Setorial de Graduação - Profa. Sônia e Élyda,Bom,-,Em uso,-,-,-
22738,Móveis e Utensílios,Armário,2 portas / mdf (80x48x75)cm²,Sônia Fortes,Administrativo,Setorial de Graduação - Profa. Sônia e Élyda,Bom,-,Em uso,-,-, Pró-reitoria adm.
12278,Móveis e Utensílios,Armário,"01 unidade - Armário Alto de Aço, com 2 portas de abrir e 04 pratileiras internas.",Sônia Fortes,Administrativo,Setorial de Graduação - Profa. Sônia e Élyda,Bom,-,Em uso,-,-,"Patrimônio 18962 FESP-UPE. Registrado em, 18/06/2026"
4407020008782024,Moveis/Utensílios,Cadeira,Giratória sem braço em tecido,Patrícia Moser,Administrativo,Atendimento ao Aluno,Novo,17.12.2024,Em uso,000.002.016,"R$ 385,00",cadeira nova 
4407020008812024,Móveis e Utensílios,Cadeira,Giratória sem braço em tecido,Patrícia Moser,Administrativo,Atendimento ao Aluno,Novo,17.12.2024,Em uso,000.002.016,"R$ 385,00",cadeira nova
4407020008892024,Móveis e Utensílios,Cadeira,Giratória sem braço em tecido,Patrícia Moser,Administrativo,Atendimento ao Aluno,Novo,17.12.2024,Em uso,000.002.016,"R$ 385,00",cadeira nova
4407020003362025,Móveis e Utensílios,Cadeira,Giratória sem braço Azul - marca Stilos,Patrícia Moser,Administrativo,Atendimento ao Aluno,Novo,4.2.2025,Em uso,717,,cadeira nova 
13705,Móveis/Utensílios,Gaveteiro,1 unidade - De aço com 4 gavetas,Pró-Reitoria Administrativa,Administrativo,Atendimento ao Aluno,Bom,-,Em uso,-,-,
sem patrimônio,Móveis e Utensílios,Mesa,"01 Unidade – Mesa Circular para Reunião, com diâmetro de 120 cm e altura de 75 cm.",Patrícia Moser,Administrativo,Atendimento ao Aluno,Bom,-,Em uso,-,-,
sem patrimônio,Móveis e Utensílios,Mesa,01 unidade - Mesa Retangular (100x60x75) cm,Patrícia Moser,Administrativo,Atendimento ao Aluno,Bom,-,Em uso,-,-,
sem patrimônio,Móveis/Utensílios,Armário ,"01 unidade - Armário Alto de Aço, composto por 08 portas.",Patrícia Moser,Administrativo,Atendimento ao Aluno,Novo,-,Em uso,-,-,
sem patrimônio,Móveis e Utensílios,Cadeiras,2 unidades (sem braço),Patrícia Moser,Administrativo,Atendimento ao Aluno,Regular,-,Em uso,-,-,-
,,,,,,,,,,,,
sem patrimônio,Móveis e Utensílios,Cadeira,Sem Braço,-,Administrativo,Sala do Servidor,Ruim,-,Em uso,-,-,-
21888,Equipamentos de informática,Monitor,HP WE 129-600001,-,Administrativo,Sala do Servidor,Regular,-,Em uso,-,-,-
sem patrimônio,Equipamentos de informática,Switch,IntelBras mod: SG 5200MR,-,Administrativo,Sala do Servidor,Bom,-,Em uso,-,-,-
8146,Equipamentos de informática,Switch,Ruckus mod: ICX 7150-24,IAUPE,Administrativo,Sala do Servidor,Bom,-,Em uso,-,-,-
sem patrimônio,Equipamentos de informática,Switch,DataCom mod: 2104G2-EDD E1,-,Administrativo,Sala do Servidor,Bom,-,Em uso,-,-,-
sem patrimônio,Equipamentos de informática,Firewall,FortiNet mod:Fortigate 60E,-,Administrativo,Sala do Servidor,Bom,-,Em uso,-,-,-
sem patrimônio,Equipamentos de informática,Dio Fit,Divisor Interno Óptico - Fibracem,-,Administrativo,Sala do Servidor,Bom,-,Em uso,-,-,-
15858,Equipamentos de informática,Servidor,Dell ,Pro Reitória Administrativa,Administrativo,Sala do Servidor,Ruim,-,No estoque,-,-,"está funcionando, porém não está em 100% de suas condições"
sem patrimônio,Equipamentos de informática,Patch Panel,Furukawa - 3 Unidades,-,Administrativo,Sala do Servidor,Regular,-,Em uso,-,-,modelo: C5 E plus (2 unidades) / CAT 5E (1 unidade)
sem patrimônio,Equipamentos de informática,Patch Panel,Hellemann Tyton mod 5E,-,Administrativo,Sala do Servidor,Regular,-,Em uso,-,-,-
sem patrimônio,Equipamentos de informática,No-Break,Global Power Dupla Conversão SPW 3KVA a 10KVR - HP9100 SPW,-,Administrativo,Sala do Servidor,Bom,-,No estoque,-,-,está no NTI
sem patrimônio,Equipamentos de informática,No-Break,Global Power Dupla Conversão SPW 3KVA a 10KVR - HP9100 SPW,-,Administrativo,Sala do Servidor,Bom,-,No estoque,-,-,está no NTI
sem patrimônio,Equipamentos de informática,Estabilizador,Force Line / Eternity,-,Administrativo,Sala do Servidor,Regular,-,Em uso,-,-,-
sem patrimônio,Equipamentos de informática,No-Break,Intelbras 1000 VA 500w,IAUPE,Administrativo,Sala do Servidor,Novo,26/05/2025,Em uso,000.038.961,"R$ 998,90",Recebido por Mirele dia 02/06/2025
4407020008402024,Equipamento,Evaporador + Condesador de ar 24000 Btus,Philco,Pro-Reitoria Administrativa,1º Andar,Almoxarifado,Novo,18.12.2024,No estoque,000.000.371,"R$ 7.029,00",Substituiu o quebrado. dia 24/03/2026 a pedido de Robson
sem patrimônio,Equipamento,Alarme,(Active GPRS) 20 zonas,-,Escolaridade,Arquivo,Bom,-,Em uso,-,-,-
sem patrimônio,Móveis e Utensílios,Conjunto de uma mesa com 4 cadeiras,madeira quadrada (90x90x75)cm²,-,Administrativo,Copa/Cozinha,Bom,-,Em uso,-,-,-
4407020004672025,Móveis e Utensílios,Armário Alto ,02 portas (800x465x2100) marca: ASTA,-,Administrativo,Copa/Cozinha,Novo,18/07/2025,Em uso,,"R$ 2.650,00",
4407020004682025,Móveis e Utensílios,Armário Alto ,2 portas (800x465x2100) marca: ASTA,-,Administrativo,Copa/Cozinha,Novo,18/07/2025,Em uso,000.000.930,"R$ 2.650,00",
sem patrimônio,Eletrodomésticos,Microondas ,LG Eletronics MS3091BCA/ 220v capacidade 30 L,-,Administrativo,Copa/Cozinha,Novo,18/04/2024,Em uso,000.113.174,"R$ 699,90",
4407100004222015,Eletrodomésticos,Geladeira,Brastemp,-,Administrativo,Copa/Cozinha,Bom,-,Em uso,-,-,-
sem patrimônio,Eletrodomésticos,Bebedouro/Água ,Libell 220v 60 hertz,-,Administrativo,Copa/Cozinha,Bom,-,Em uso,-,-,-
sem tombamento,Móveis e utensílios,Pebolim,Residencial com 07 bolinhas,-,Administrativo,Área de convivência,Novo,05.10.2022,Em uso,1060,"R$ 2.800,00",-
4407020034282022,Equipamentos de informática,Estabilizador,ES-300VA BM 115V Bem Ligado CLK,-,Administrativo,Área de convivência,Bom,19.01.2023,Em uso,000064769,"R$ 115,00",computador das câmeras - Segurança
21824,Equipamentos de informática,Gabinete (CPU),HP Compaq 6000 Pro MT Intel Core 2 Duo,Robervania,Administrativo,Área de convivência,Regular,-,Em uso,-,-,transferido do NTI sala 02 devido as goteiras de água
4407020003392025,Móveis e Utensílios,Cadeira,Giratória sem braço azul - marca Stilos,Robervania,Administrativo,Área de convivência,Novo,4.2.2025,Em uso,717,-,cadeira nova
21851,Equipamentos de Informática,Monitor,HP WE 1943SE-PF 19 polegadas lcd,-,Administrativo,Área de convivência,Regular,-,Em uso,-,-,transferida do NTI sala 02 devido as goteiras de água
sem patrimônio,Móveis e Utensílios,Bancada de cadeira,"3 de cadeiras juntas - polipropileno Azul (168,5x65x75)cm",-,Administrativo,Área de Convivência,Regular,-,Em uso,-,-,-
sem patrimônio,Móveis e Utensílios,Bancada de cadeira,"3 de cadeiras juntas - polipropileno Azul (168,5x65x75)cm",-,Administrativo,Área de Convivência,Regular,-,Em uso,-,-,-
POLO,Móveis e Utensílios,Banco de Madeira,para três lugares (160x53x73)cm,-,Administrativo,Área de Convivência,Bom,-,Em uso,-,-,pertence ao Polo
POLO,Móveis e Utensílios,Banco de Madeira,para três lugares (160x53x73)cm,-,Administrativo,Área de Convivência,Bom,-,Em uso,-,-,pertence ao Polo
sem patrimônio,Móveis e Utensílios,Cadeiras, 11 unidades (sem braço),-,Administrativo,Área de Convivência,Bom,-,Em uso,-,-,-
sem patrimônio,Móveis e Utensílios,Cadeiras,4 unidades (com braço),-,Administrativo,Área de Convivência,Bom,-,Em uso,-,-,-
sem patrimônio,Móveis e Utensílios,Mesa,Retangular com 2 gaveteiros (120x60x76)cm,-,Administrativo,Área de Convivência,Bom,-,Em uso,-,-,-
28452,Equipamentos de Informática,Acess Point,-,Pro Reitoria Adm,Administrativo,Área de Convivência,Bom,-,Em uso,-,-,-
sem patrimônio,Eletrodomesticos,TV,"Philips 43"" LED",-,Administrativo,Área de Convivência,Bom,-,Em uso,-,-,-
8589,Móveis e Utensílios,Mesa ,Ping-Pong com rodinhas mdf 18mm - modelo 1084,IAUPE,Administrativo,Área de Convivência,Novo,12-03-2024,Em uso,001439 ,"R$ 1.620,00",foi adquirida para substituir a mesa antiga que quebrou
sem patrimônio,Áudio/Vídeo,Caixa de Som,FRAHM,-,Administrativo,Área de Convivência,Bom,-,Em uso,-,-,estado desconhecido
sem patrimônio,Áudio/Vídeo,Caixa de Som,FRAHM,-,Administrativo,Área de Convivência,Bom,-,Em uso,-,-,Estado desconhecido
sem patrimônio,Equipamentos de Informática,Câmera de Vídeo ,Full HD wi-fi 1MX1 IntelBras,-,Administrativo,Corredor da área de Convivência,Novo,11.07.2023,Em uso,000.001.041,"R$ 248,00",Todas as câmeras tem cartão de memória 32GB CLASSE A
sem patrimônio,Equipamentos de Informática,Câmera de Vídeo ,Full HD wi-fi 1MX1 IntelBras,-,Administrativo,Corredor Porta de entrada (Interna),Novo,26.09.2023,Em uso,000.001.112,"R$ 250,00",todas as câmeras tem cartão de memória 32GB CLASSE A
sem patrimônio,Equipamentos de Informática,Câmera de Vídeo ,Full HD wi-fi 1MX1 IntelBras,-,Administrativo,Corredor Porta de entrada (Externa),Novo,26.09.2023,Em uso,000.001.112,"R$ 250,00",todas as câmeras tem cartão de memória 32GB CLASSE A
sem patrimônio,Equipamentos de Informática,Câmera de Vídeo ,Full HD wi-fi 1MX1 IntelBras,-,1º Andar,corredor do primeiro pavimento,Novo,04.10.2023,Em uso,000.001.120,"R$ 295,00","todas as câmeras tem cartão de memória 32GB CLASSE A, em frente ao depósito"
sem patrimônio,Eletrodomésticos,Bebedouro/Água,ElectroLux,,1º Andar,Corredor do primeiro pavimento,Novo,10.03.2023,No estoque,5355918,"R$ 692,55",Equipamento novo adquirido pela UPE CARUARU
sem patrimônio,Equipamentos de Informática,Multifuncional ,Samsung ProXpress M400FR volts 110-127v,-,1º Andar,Corredor do primeiro pavimento,Regular,-,Em uso,-,-,Apresenta problemas no scanner
sem patrimônio,Equipamentos de Informática,Estabilizador,MicroSol (Modulo Isolador) - Bi Volt,-,1º Andar,Corredor do primeiro pavimento,Bom,-,Em uso,-,-,foi transferido da Escolaridade para o primeiro Andar
sem patrimônio,Móveis e Utensílios,Mesa,01 unidade Mesa Retangular (137x60x75) cm,-,1º Andar,Corredor do primeiro pavimento,Bom,-,Em uso,-,-,em frente a sala do gabinete do professor II
sem patrimônio,Móveis e Utensílios,Mesa,01 unidade - Mesa Retangular (100x60x75) cm,-,1º Andar,Corredor do primeiro pavimento,Bom,-,Em uso,-,-,Corredor -  29/04/2026
sem patrimônio,Equipamentos de Informática,Câmera de Vídeo ,Full HD wi-fi 1MX1 IntelBras,-,Administrativo,Corredor da área de Convivência,Novo,11.07.2023,Em uso,000.001.041,"R$ 248,00",Todas as câmeras tem cartão de memória 32GB CLASSE A
4407020029102022,Equipamentos de informática,Gabinete (CPU),UDP Daten DC3E-S amd ryzen 3 4350G win10 Pro,Cynthia ,1º Andar,Recursos Humanos,Bom,19.01.2023,Em uso,000055484,"R$ 3.207,21","Equipamento transferido do NTI para RH, para estagiária do NGU"
4407020028862022,Equipamentos de informática,Gabinete (CPU),UDP Daten DC3E-S amd ryzen 3 4350G win10 Pro,Cynthia ,1º Andar,Recursos Humanos,Novo,19.01.2023,Em uso,000055484,"R$ 3.207,21",
4407020038092022,Equipamentos de informática,Monitor,"LG 23,8 LED 24MP400-B(Hdmi, vga, versa,freesync, 75 hz,1980x1080 full hd ips)",Cynthia ,1º Andar,Recursos Humanos,Novo,19.01.2023,Em uso,000674663,"R$ 1.145,00","Transferido do NTI para o RH, em 27/04/2026."
4407020038112022,Equipamentos de informática,Monitor,"LG 23,8 LED 24MP400-B(Hdmi, vga, versa,freesync, 75 hz,1980x1080 full hd ips)",Cynthia,1º Andar, Recursos Humanos,Novo,19.01.2023,No estoque,000674663,"R$ 1.145,00",
4407020000332021,Equipamento de Informática,Notebook,Positivo master N4340,Cynthia,1º Andar,Recursos Humanos,Bom,-,Em uso,-,-,Cedido a servidora Cynthia para uso no departamento de Recursos Humanos
sem patrimônio,Equipamentos de informática,No-Break,Intelbras 1000 VA Bivolt Senoidal,IAUPE,1º Andar, Recursos Humanos,Novo,19/08/2025,Em uso,000.029.564,"R$ 1.145,00",Mirele que retirou no IAUPE.
4407020034542022,Equipamentos de informática,Estabilizador,ES-300VA BM 115V Bem Ligado CLK,Cynthia,1º Andar,Recursos Humanos,Bom,19.01.2023,Em uso,000064769,"R$ 115,00",Transferido do NTI para o RH para estagiária do NGU
Sem Patrimônio,Equipamentos de informática,Switch ,modelo : 3 . com,Cynthia,1º Andar,Recursos Humanos,Bom,-,Em uso,-,-,-
4407020034552022,Equipamentos de informática,Estabilizador,ES-300VA BM 115V Bem Ligado CLK,Cynthia,1º Andar,Recursos Humanos,Novo,19.01.2023,Em uso,000064769,"R$ 115,00",
Sem Tombamento,Equipamentos,Condensador de Ar,LG 9000 BTU/h,Cynthia,1º Andar,Recursos Humanos,Bom,-,Em uso,-,-,-
sem tombamento,Equipamentos,Evaporador de Ar,LG TSNC092TMA1 9000 BTU/h,Cynthia,1º Andar,Recursos Humanos,Bom,-,Em uso,-,-,-
4407020008972024,Móveis e Utensílios,Cadeira,Giratória sem braço em tecido,Cynthia,1º Andar,Recursos Humanos,Novo,17.12.2024,Em uso,000.002.016,"R$ 385,00",cadeira nova
4407020008982024,Móveis e Utensílios,Cadeira,Giratória sem braço em tecido,Cynthia,1º Andar,Recursos Humanos,Novo,17.12.2024,Em uso,000.002.016,"R$ 385,00",cadeira nova
4407020006792024,Móveis e Utensílios,Mesa,Retangular (1200x745x600) mm,Cynthia,1º Andar,Recursos Humanos,Novo,21.11.2024,Em uso,000.002.507,"R$ 975,50",-
4407020006802024,Móveis e Utensílios,Mesa,Retangular (1200x745x600) mm,Cynthia,1º Andar,Recursos Humanos,Novo,21.11.2024,Em uso,000.002.507,"R$ 975,50",-
4407020006922024,Móveis e Utensílios,Armário Alto,Madeira duas portas (800x1600x500) mm,Cynthia ,1º Andar,Recursos Humanos,Novo,21.11.2024,Em uso,000.002.507,"R$ 1.861,28",-
,,,,,,,,,,,,
sem patrimônio,Móveis e Utensílios,Cadeira,com braço azul,Cynthia ,1º Andar,Recursos Humanos,Bom,-,Em uso,-,-,-
sem patrimônio,Móveis e Utensílios,Cadeira,sem braço azul,Cynthia ,1º Andar,Recursos Humanos,Bom,-,Em uso,-,-,-
sem patrimônio,Móveis e Utensílios,Cadeira,sem braço azul,Cynthia ,1º Andar,Recursos Humanos,Bom,-,Em uso,-,-,-
sem patrimônio,Móveis e Utensílios,Gaveteiro,de aço com 4 portas,Cynthia ,1º Andar,Recursos Humanos,Bom,-,Em uso,-,-,-
4407020001162024,Equipamentos de Informática,Impressora Multifuncional,Xerox modelo: B225 LASER,Pro-Reitoria Administrativa,1º Andar,Recursos Humanos,Novo,30.05.2024,Em uso,193,"R$ 1.790,00","Equipamento transferido do almoxarifado para o RH, substituir a que deu problema. 23/03/2026"
sem tombamento,Equipamentos,Evaporador de Ar,LG TSNC092TMA1 9000 BTU/h,Dirceu,1º Andar,Patrimônio,Bom,-,Em uso,-,-,-
Sem tombamento,Equipamentos,Condensador de Ar,LG 9000 BTU/h,Dirceu,1º Andar,Patrimônio,Bom,-,Em uso,-,-,
4407020037912022,Equipamentos de informática,Monitor,"LG 23,8 LED 24MP400-B(Hdmi, vga, versa,freesync, 75 hz,1980x1080 full hd ips)",Dirceu,1º Andar,Patrimônio,Novo,19.01.2023,Em uso,000674663,"R$ 1.145,00",
4407020028532022,Equipamentos de informática,Gabinete (CPU),UDP Daten DC3E-S amd ryzen 3 4350G win10 Pro,Dirceu,1º Andar,Patrimônio,Novo,19.01.2023,Em uso,000055484,"R$ 3.207,21",
sem tombamento,Equipamento de Informática,Estabilizador,Force Line / Eternity,Dirceu,1º Andar,Patrimônio,Bom,-,Em uso,-,-,
sem patrimônio,Móveis e Utensílios,Gaveteiro,Aço com 4 portas,Dirceu,1º Andar,Patrimônio,Bom,-,Em uso,-,-,-
sem patrimônio,Móveis e Utensílios,Cadeira,Brizza Diretor ,Dirceu,1º Andar,Patrimônio,Novo,20/06/2024,Em uso,000.000.727,"R$ 1.050,00","recebidas 15/07, colocadas no LABIN por ordem de Robson"
sem patrimônio,Móveis e Utensílios,Cadeira,com braço,Dirceu,1º Andar,Patrimônio,Bom,-,Em uso,-,-,-
sem patrimônio,Móveis e Utensílios,Cadeira,com braço,Dirceu,1º Andar,Patrimônio,Bom,-,Em uso,-,-,-
sem patrimônio,Móveis e Utensílios,Cadeira,sem braço,Dirceu,1º Andar,Patrimônio,Bom,-,Em uso,-,-,-
sem patrimônio,Móveis e Utensílios,Cadeira,sem braço,Dirceu,1º Andar,Patrimônio,Bom,-,Em uso,-,-,-
sem patrimônio,Móveis e Utensílios,Lousa/Quadro,branco (200x122) cm,Dirceu,1º Andar,Patrimônio,Bom,-,Em uso,-,-,-
sem patrimônio,Móveis e Utensílios,Estante ,de aço com 6 prateleiras,Dirceu,1º Andar,Patrimônio,Bom,-,Em uso,-,-,-
4407020006812024,Móveis e Utensílios,Mesa,Retangular Preta ( 1200x745x600) mm,Dirceu,1º Andar,Patrimônio,Novo,21.11.2024,Em uso,000.002.507,"R$ 975,50",-
sem patrimônio,Móveis e Utensílios,Mesa,Retangular com 2 gaveteiros (120x60x76)cm,Dirceu,1º Andar,Patrimônio,Bom,-,Em uso,-,-,-
sem patrimônio,Móveis e Utensílios,Cadeiras,2 unidades sem braço,Robson/Praxedes,1º Andar,Coordenação de Administração e Planejamento,Bom,-,Em uso,-,-,-
4407020004312025,Móveis e Utensílios,Cadeira,Giratória com braço secretária liss - marca Frisokar,Robson/Praxedes,1º Andar,Coordenação de Administração e Planejamento,Novo,20.2.2025,Em uso,865,-,-cadeira nova
sem patrimônio,Móveis e Utensílios,Cadeira,Presidente,Robson/Praxedes,1º Andar,Coordenação de Administração e Planejamento,Bom,-,Em uso,-,-,doada por mirele
sem patrimônio,Móveis e Utensílios,Lousa/Quadro,branco (200x122) cm,Robson/Praxedes,1º Andar,Coordenação de Administração e Planejamento,Bom,-,Em uso,-,-,-
sem patrimônio,Móveis e Utensílios,Armário ,de madeira com 2 portas e 3 prateleiras,Robson/Praxedes,1º Andar,Coordenação de Administração e Planejamento,Bom,-,Em uso,-,-,-
4407020006822024,Móveis e Utensílios,Mesa,Retangular (1200x745x600) mm,Robson/Praxedes,1º Andar,Coordenação de Administração e Planejamento,Novo,21.11.2024,Em uso,000.002.507,"R$ 975,50",-
4407020006832024,Móveis e Utensílios,Mesa,Retangular (1200x745x600) mm,Robson/Praxedes,1º Andar,Coordenação de Administração e Planejamento,Novo,21.11.2024,Em uso,000.002.507,"R$ 975,50",-
4407020028762022,Equipamentos de informática,Gabinete (CPU),UDP Daten DC3E-S amd ryzen 3 4350G win10 Pro,Robson/Praxedes,1º Andar,Coordenação de Administração e Planejamento,Novo,19.01.2023,Em uso,000055484,"R$ 3.207,21",Transferido do NTI para Coordenação de Adm. e Planejamento 15-06-2026
4407020038032022,Equipamentos de informática,Monitor,"LG 23,8 LED 24MP400-B(Hdmi, vga, versa,freesync, 75 hz,1980x1080 full hd ips)",Robson/Praxedes,1º Andar,Coordenação de Administração e Planejamento,Novo,19.01.2023,Em uso,000674663,"R$ 1.145,00",Transferido do NTI para Coordenação de Adm. e Planejamento 15-06-2026
sem patrimônio,Equipamentos de Informática,Mouse,1 unidade,Robson/Praxedes,1º Andar,Coordenação de Administração e Planejamento,Bom,-,Em uso,-,-,marca DATEN
4407020000312021,Equipamentos de Informática,Notebook,"Positivo Master N4340 Intel I5 10210U 8Gb memória, 512 GB SSD tela lcd 14""",Robson/Praxedes,1º Andar,Coordenação de Administração e Planejamento,Novo,-,Em uso,-,-,Cedido a Praxedes
21166,Equipamentos de informática,Estabilizador,Microline BMI ML-0500B1,Robson/Praxedes,1º Andar,Coordenação de Administração e Planejamento,Bom,-,Em uso,-,-,
sem tombamento,Equipamento Eletrônico,Condensador de Ar,Midea MSS1-09CR 9000btu/h,Robson/Praxedes,1º Andar,Coordenação de Administração e Planejamento,Bom,-,Em uso,-,-,
sem tombamento,Equipamento Eletrônico,Evaporador de Ar,Midea 9000btu/h,Robson/Praxedes,1º Andar,Coordenação de Administração e Planejamento,Bom,-,Em uso,-,-,
4407020000322021,Equipamento de Informática,Notebook,Positivo,Robson/Praxedes,1º Andar,Coordenação de Administração e Planejamento,Bom,-,Em uso,-,-,"Posse com professor Robson, termo de responsabilidade"
Sem Tombamento,Equipamento de Informática,Roteador/Switch,TP-LINK TL-SF1016D 10/100Mbps,Robson/Praxedes,1º Andar,Coordenação de Administração e Planejamento,Regular,-,Obsoleto,-,-,Verificar Estado
4407020028692022,Equipamento de Informática,Gabinete (CPU),UDP Daten DC3E-S amd ryzen 3 4350G win10 Pro,Jackson/Alex,1º Andar,Gabinete dos Professores I,Bom,19.01.2022,Em uso,000055484,"R$ 3207,21",
4407020038132022,Equipamentos de informática,Monitor,"LG 23,8 LED 24MP400-B(Hdmi, vga, versa,freesync, 75 hz,1980x1080 full hd ips)",Jackson / Alex,1º Andar,Gabinete dos Professores I,Bom,19.01.2023,Em uso,000674663,"R$ 1.145,00",
4407020034482022,Equipamentos de informática,Estabilizador,ES-300VA BM 115V Bem Ligado CLK,Jackson / Alex,1º Andar,Gabinete dos Professores I,Bom,19.01.2023,Em uso,000064769,"R$ 115,00",transferido do NTI para o gab. Prof. I
Sem Tombamento,Equipamento Eletrônico,Condensador de Ar,Midea MSS1-09CR 9000btu/h,Jackson/Alex,1º Andar,Gabinete dos Professores I,Bom,-,Em uso,-,-,
Sem Tombamento,Equipamento Eletrônico,Evaporadora,Midea MSS1-09CR 9000btu/h,Jackson/Alex,1º Andar,Gabinete dos Professores I,Bom,-,Em uso,,,
4407020009012024,Móveis e Utensílios,Cadeira,Giratória sem braço em tecido,-,1º Andar,Gabinete dos Professores I,Novo,17.12.2024,Em uso,000.002.016,"R$ 385,00",-cadeira nova
645,Móveis e Utensílios,Cadeira,com Braço,ITEP/OS,1º Andar,Gabinete dos Professores I,Bom,-,Em uso,-,-,-
sem patrimônio,Móveis e Utensílios,Cadeiras, 2 unidades sem Braço,-,1º Andar,Gabinete dos Professores I,Bom,-,Em uso,-,-,-
sem patrimônio,Móveis e Utensílios,Lousa/Quadro,1 unidades Branco (201x123)cm,-,1º Andar,Gabinete dos Professores I,Bom,-,Em uso,-,-,-
sem patrimônio,Móveis e Utensílios,Estante, 2 unidades de aço com 6 prateleiras,-,1º Andar,Gabinete dos Professores I,Bom,-,Em uso,-,-,-
4407020006842024,Móveis e Utensílios,Mesa,Retangular(1200x745x600) mm,-,1º Andar,Gabinete dos Professores I,Novo,21.11.2024,Em uso,000.002.507,"R$ 975,50",-
8300447173,Móveis e Utensílios,Mesa,Retangular com 3 gaveteiros (110x60x75)cm,Secretária de Educação,1º Andar,Gabinete dos Professores I,Bom,-,Em uso,-,-,-
4407020028972022,Equipamentos de informática,Gabinete (CPU),UDP Daten DC3E-S amd ryzen 3 4350G win10 Pro,Anna Beatriz,1º Andar,PROLINFO,Novo,19.01.2023,Em uso,000055484,"R$ 3207,21",
4407020038072022,Equipamentos de informática,Monitor,"LG 23,8 LED 24MP400-B(Hdmi, vga, versa,freesync, 75 hz,1980x1080 full hd ips)",Raphael Dourado,1º Andar,PROLINFO,Novo,19.01.2023,Em uso,000674663,"R$ 1.145,00",
Sem Tombamento,Equipamento de Informática,Estabilizador,Microsol - SOL,Rubiana,1º Andar,PROLINFO,Bom,-,Em uso,-,-,
Sem Tombamento,Equipamento Eletrônico,Condensador de Ar,Midea 9000btu/h,Rubiana,1º Andar,PROLINFO,Bom,-,Em uso,-,-,
Sem Tombamento,Equipamento Eletrônico,Evaporador de Ar,Midea MSS1-09CR 9000btu/h,Rubiana,1º Andar,PROLINFO,Bom,-,Em uso,-,-,
Sem Tombamento,Eletrônico/Telecomunicações,Telefone,Gigaset DA100,Rubiana,1º Andar,PROLINFO,Regular,-,Obsoleto,-,-,não sei o Estado de conservação/Aparentemente sem Uso/Pertence ao prolinfo
Sem Tombamento,Equipamento de Informática,Impressora,Deskjet Ink Advance 1110 HP,Rubiana,1º Andar,PROLINFO,Bom,-,Em uso,-,-,Pertence ao prolinfo
4407020009022024,Móveis e Utensílios,Cadeira,Giratória sem braço em tecido,Rubiana,1º Andar,PROLINFO,Novo,17.12.2024,Em uso,000.002.016,"R$ 385,00",-cadeira nova
618,Móveis e Utensílios,Cadeira,com braço,ITEP/OS,1º Andar,PROLINFO,Bom,-,Em uso,-,-,-
638,Móveis e Utensílios,Cadeira,com braço,ITEP/OS,1º Andar,PROLINFO,Bom,-,Em uso,-,-,-
sem patrimônio,Móveis e Utensílios,Cadeiras," 2 unidades sem braço, na cor azul",Rubiana,1º Andar,PROLINFO,Bom,-,Em uso,-,-,-
sem patrimônio,Móveis e Utensílios,Lousa/Quadro,Branco (200x123)cm e (90x120) cm,Rubiana,1º Andar,PROLINFO,Bom,-,Em uso,-,-,-
sem patrimônio,Móveis e Utensílios,Estante,de aço com 6 prateleiras,Rubiana,1º Andar,PROLINFO,Bom,-,Em uso,-,-,-
8300447184,Móveis e Utensílios,Mesa,Retangular com 3 gaveteiros (110x60x75)cm,Secretária de Educação,1º Andar,PROLINFO,Bom,-,Em uso,-,-,-
8300447179,Móveis e Utensílios,Mesa,Retangular com 3 gaveteiros (110x60x75)cm,Secretária de Educação,1º Andar,PROLINFO,Bom,-,Em uso,-,-,-
sem patrimônio,Móveis e Utensílios,Cadeira," 1 cadeira giratória, sem braço, na cor azul",Rubiana,1º Andar,PROLINFO,Bom,-,Em uso,-,-,Cadeira estofada em tecido - base avariada
sem patrimônio,Equipamentos de Informática,Teclado,1 unidade,Rubiana,1º Andar,PROLINFO,Bom,-,Em uso,-,-,marca DATEN
sem patrimônio,Equipamentos de Informática,Mouse,1 unidade,Rubiana,1º Andar,PROLINFO,Bom,-,Em uso,-,-,marca DATEN
Sem Tombamento,Equipamentos de informática,Estabilizadores,MicroSol/ Sol NG2,Fernando Pontual,1º Andar,Gabinete dos Professores II - DOTLAB,Bom,-,Em uso,-,-,1 unidade
Sem Tombamento,Equipamentos,Evaporador de Ar,Midea MSS1-09CR 9000btu/h,Fernando Pontual,1º Andar,Gabinete dos Professores II - DOTLAB,Bom,-,Em uso,-,-,-
Sem Tombamento,Equipamentos,Evaporador de Ar,Midea MSS1-09CR 9000btu/h,Fernando Pontual,1º Andar,Gabinete dos Professores II - DOTLAB,Bom,-,Em uso,-,-,-
Sem Tombamento,Equipamentos ,Condensadores de Ar,Midea 9000btu/h,Fernando Pontual,1º Andar,Gabinete dos Professores II - DOTLAB,Bom,-,Em uso,-,-,
sem tombamento,Equipamentos,Condensadores de Ar,Midea 9000btu/h,Fernando Pontual,1º Andar,Gabinete dos Professores II - DOTLAB,Bom,-,Em uso,-,-,
28720,Equipamentos de informática,Monitor,LCD AOC E2270PWHE,Fernando Pontual,1º Andar,Gabinete dos Professores II - DOTLAB,Regular,02.07.2019,Em uso,-,-,verificar se está funcionando
Sem Tombamento,Equipamentos de informática,Switch,Micronet SP624R EtherFast 10/100 M,Fernando Pontual,1º Andar,Gabinete dos Professores II - DOTLAB,Bom,-,Em uso,-,-,provavelmente da Poli-07 mas está sem patrimônio
sem patrimônio,Móveis e Utensílios,Armário ,MDF com 3 prateleiras e 2 portas,-,1º Andar,Gabinete dos Professores II - DOTLAB,Bom,-,Em uso,-,-,-
8300447183,Móveis e Utensílios,Mesa,Retangular com 3 gaveteiros (110x60x75)cm,Secretária de Educação,1º Andar,Gabinete dos Professores II - DOTLAB,Bom,-,Em uso,-,-,-
sem patrimônio,Móveis e Utensílios,Cadeiras,"04 unidades - Cadeira Giratória com braço, na cor preta ",-,1º Andar,Gabinete dos Professores II - DOTLAB,Bom,-,Em uso,-,-,Pertence ao DOTLAB
sem patrimônio,Móveis e Utensílios,Mesas,"04 unidades - Mesa Retangular (120x60x73) cm, na cor preta",-,1º Andar,Gabinete dos Professores II - DOTLAB,Bom,-,Em uso,-,-,Pertence ao DOTLAB
sem patrimônio,Móveis e Utensílios,Sofá,"01 unidade - Estofado em tecido de 3 lugares, na cor marrom claro",,1º Andar,Gabinete dos Professores II - DOTLAB,Bom,-,Em uso,-,-,Pertence ao DOTLAB
sem patrimônio,Equipamentos de Informática,Teclado,01 unidade,-,1º Andar,Gabinete dos Professores II - DOTLAB,Bom,-,Em uso,-,-,marca Logi
sem patrimônio,Equipamentos de Informática,Teclado,03 unidades,-,1º Andar,Gabinete dos Professores II - DOTLAB,Bom,-,Em uso,-,-,marca Logitech
sem patrimônio,Equipamentos de Informática,Mouse,03 unidades,-,1º Andar,Gabinete dos Professores II - DOTLAB,Bom,-,Em uso,-,-,marca Logitech
sem patrimônio,Equipamentos de informática,Monitor,LG ,-,1º Andar,Gabinete dos Professores II - DOTLAB,Bom,-,Em uso,-,-,22983 (APQ - 196 - 1. 03/22)
sem patrimônio,Equipamentos de informática,Monitor,LG ,-,1º Andar,Gabinete dos Professores II - DOTLAB,Bom,-,Em uso,-,-,22984 (APQ - 196 - 1. 03/22)
sem patrimônio,Equipamentos de informática,Monitor,LG ,-,1º Andar,Gabinete dos Professores II - DOTLAB,Bom,-,Em uso,-,-,22985 (APQ - 196 - 1. 03/22)
sem patrimônio,Equipamentos de informática,Notebook,01 unidade - Avell a52 HYB New17,-,1º Andar,Gabinete dos Professores II - DOTLAB,Bom,-,Em uso,-,-,Pertence ao DOTLAB
sem patrimônio,Eletrônico/Telecomunicações,TV,01 unidade - LG,-,1º Andar,Gabinete dos Professores II - DOTLAB,Bom,-,Em uso,-,-,22986 (APQ - 1109 - 1. 03/22)
4407020023082022,Equipamentos de Informática,Access Point,Ruckus Zone Flex R610,-,1º Andar,Gabinete dos professores III,Novo,-,Em uso,-,-,-
4407020038432022,Equipamentos de informática,Monitor,"LG 23,8 LED 24MP400-B(Hdmi, vga, versa,freesync, 75 hz,1980x1080 full hd ips)",Raphael Dourado,1º Andar,Gabinete dos professores III,Bom,19.01.2023,Em uso,000674663,"R$ 1.145,00",transferido para atender demanda dos professores
sem patrimônio,Equipamentos de informática,Estabilizador,MicroSol - SOL,Raphael Dourado,1º Andar,Gabinete dos professores III,Bom,-,Em uso,-,-,-
8300447171,Móveis e Utensílios,Mesa,Retangular com 3 gaveteiros (110x60x75)cm,Secretária de Educação,1º Andar,Gabinete dos professores III,Bom,-,Em uso,-,-,saber destino
8300447172,Móveis e Utensílios,Mesa,Retangular com 3 gavetas (110x60x74)cm²,,1º Andar,Gabinete dos Professores III,Bom,,Em uso,,,verificar se possui nf
sem patrimônio,Móveis e Utensílios,Cadeira,"1 unidade - sem braço, na cor azul",,1º Andar,Gabinete dos Professores III,Regular,-,Em uso,-,-,-
4407020009032024,Móveis e Utensílios,Cadeira,Giratória sem braço em tecido,-,1º Andar,Gabinete dos Professores III,Novo,17.12.2024,Em uso,000.002.016,"R$ 385,00",cadeira nova
4407020009042024,Móveis e Utensílios,Cadeira,Giratória sem braço em tecido,-,1º Andar,Gabinete dos Professores III,Novo,17.12.2024,Em uso,000.002.016,"R$ 385,00",cadeira nova
4407100004252015,Móveis/Utensílios,Mesa,Retangular com gaveteiro quebrado (100x60x75)cm²,Pro-Reitoria Administrativa,1º Andar,Gabinete dos Professores III,Regular,-,Em uso,-,-,-
sem patrimônio,Móveis/Utensílios,Estante,de aço com 5 prateleiras,-,1º Andar,Gabinete dos Professores III,Bom,-,Em uso,-,-,-
28453,Equipamento de Informática,Acess Point,-,,1º Andar,Gabinete dos Professores III,Bom,-,Em uso,-,-,-
sem patrimônio,Equipamentos,Condensador de Ar,Midea 9000btu/h,,1º Andar,Gabinete dos Professores III,Bom,-,Em uso,-,-,-
sem patrimônio,Equipamentos,Evaporador de Ar,Midea MSS1-09CR 9000btu/h,,1º Andar,Gabinete dos Professores III,Bom,-,Em uso,-,-,-
,,,,,,,,,,,,
4407020009052024,Móveis/Utensílios,Cadeira,Giratória sem braço em tecido,-,1º Andar,Gabinete dos Professores IV,Novo,17.12.2024,Em uso,000.002.016,"R$ 385,00",cadeira nova
4407020029012022,Equipamentos de informática,Gabinete (CPU),UDP Daten DC3E-S amd ryzen 3 4350G win10 Pro,-,1º Andar,Gabinete dos Professores IV,Novo,19.01.2023,Em uso,000055484,"R$ 3.207,21",transferido para biblioteca dia 07-07-2023
4407020038642022,Equipamentos de informática,Monitor,"LG 23,8 LED 24MP400-B(Hdmi, vga, versa,freesync, 75 hz,1980x1080 full hd ips)",-,1º Andar,Gabinete dos Professores IV,Novo,19.01.2023,Em uso,000674663,"R$ 1.145,00",transferido para biblioteca dia 07-07-2023
sem patrimônio,Equipamentos de Informática,Teclado,1 unidade,-,1º Andar,Gabinete dos Professores IV,Bom,-,Em uso,-,-,marca DATEN
sem patrimônio,Equipamentos de Informática,Mouse,1 unidade,-,1º Andar,Gabinete dos Professores IV,Bom,-,Em uso,-,-,marca DATEN
4407020006852024,Móveis/Utensílios,Mesa,Retangular (1200x745x600) mm,-,1º Andar,Gabinete dos professores IV,Novo,21.11.2024,Em uso,000.002.507,"R$ 975,50",-
4407100004242015,Móveis/Utensílios,Mesa,Retangular com gaveteiro quebrado (100x60x75)cm²,Pro-Reitoria Administrativa,1º Andar,Gabinete dos professores IV,Regular,-,Em uso,-,-,-
Sem patrimônio,Móveis/Utensílios,Estante,de Aço com 5 prateleiras,-,1º Andar,Gabinete dos professores IV,Regular,-,Em uso,-,-,-
Sem patrimônio,Móveis/Utensílios,Cadeiras,"5 unidades - cadeira fixa, sem braços, estofada em tecido, na cor azul",-,1º Andar,Gabinete dos professores IV,Bom,-,Em uso,-,-,-
sem patrimônio,Equipamento,Evaporadora de Ar,Midea 9000 Btu/h modelo: MSS1-09CR,-,1º Andar,Gabinete dos professores IV,Bom,-,Em uso,-,-,-
sem patrimônio,Equipamento,Condensadora de Ar,Midea 9000 Btu/h,-,1º Andar,Gabinete dos professores IV,Bom,-,Em uso,-,-,-
sem patrimônio,Móveis e Utensílios,Estante,"03 Unidades – Estante de aço, com 06 prateleiras, cor cinza, estrutura reforçada.",-,1º Andar,Arquivo Permanente,Regular,-,No estoque,-,-,foram transferidas da escolaridade para o Arquivo Permanente a pedido de Praxedes
sem patrimônio,Móveis/Utensílios,Estante,"04 Unidades – Estante de aço, com 06 prateleiras, cor cinza, estrutura reforçada.",-,1º Andar,Arquivo Permanente,Regular,-,Em uso,-,-,-
5840,Móveis e Utensílios,Estante,"01 unidade - Estante de aço, com 6 prateleiras, cor cinza,estrutura reforçada",POLI 07,1º Andar,Arquivo Permanente,Regular,-,Em uso,-,-,-
sem patrimônio,Móveis/Utensílios,Estante,"01 unidade - Estante de aço, com 5 prateleiras, cor cinza,estrutura reforçada",-,1º Andar,Arquivo Permanente,Regular,-,Em uso,-,-,-
sem patrimônio,Moveis/Utensílios,Estante,01 unidade - Estante de aço com 6 prateleiras,-,1º Andar,Arquivo Permanente,Bom,-,No estoque,-,-,"transferidas do depósito para o arquivo em, 07/07/2026."
sem patrimônio,Móveis e Utensílios,Estante,02 unidades - Estante de aço com 5 prateleiras,-,1º Andar,Arquivo Permanente,Regular,-,No estoque,-,-,"transferidas do depósito para o arquivo em, 07/07/2026."
4407020006492024,Equipamento de Informática,Notebook,"Dell Latitude 14"" 3450 ( i7-1355U RAM 16GB, SSD 256GB)",Moser,-,-,Novo,19.11.2024,Em uso,107322,"R$ 7.700,00",Cedido a professora Patrícia Moser a pedido da Gestão Executiva (Mirele) - Termo de Responsabilidade
4407020006502024,Equipamento de Informática,Notebook,"Dell Latitude 14"" 3450 ( i7-1355U RAM 16GB, SSD 256GB)",Robson,-,-,Novo,19.11.2024,Em uso,107322,"R$ 7.700,00",Cedido a Professor Robson Goes a pedido da Gestão Executiva (Mirele) - Termo de Responsabilidade
4407020006512024,Equipamento de Informática,Notebook,"Dell Latitude 14"" 3450 ( i7-1355U RAM 16GB, SSD 256GB)",Dirceu,-,-,Novo,19.11.2024,Em uso,107322,"R$ 7.700,00",Cedido a Dirceu para uso no setor de compras/patrimônio e Almoxarifado
4407020006602024,Equipamento de Informática,Notebook,"Dell Latitude 14"" 3450 ( i7-1355U RAM 16GB, SSD 256GB)",Praxedes,-,-,Novo,19.11.2024,Em uso,107322,"R$ 7.700,00",Cedido ao Administrador (Praxedes) por Robson para exercer suas funções. Via termo de responsabilidade.
4407020006612024,Equipamento de Informática,Notebook,"Dell Latitude 14"" 3450 ( i7-1355U RAM 16GB, SSD 256GB)",Alex,-,-,Novo,19.11.2024,Em uso,107322,"R$ 7.700,00","Cedido para professor Alex Borges para coordenação de adm , a pedido da professora Mirele."
4407020006622024,Equipamento de Informática,Notebook,"Dell Latitude 14"" 3450 ( i7-1355U RAM 16GB, SSD 256GB)",Helder,-,-,Novo,19.11.2024,Em uso,107322,"R$ 7.700,00",Cedido a professor Helder (pós) a pedido de professora Mirele dia 29/08/2025 via termo de responsabilidade.
4407020006632024,Equipamento de Informática,Notebook,"Dell Latitude 14"" 3450 ( i7-1355U RAM 16GB, SSD 256GB)",Erika Medeiros,-,-,Novo,19.11.2024,Em uso,107322,"R$ 7.700,00",Transferido a pedido de professora Mirele 08/10/2025 - via termo de responsabilidade
4407020006642024,Equipamento de Informática,Notebook,"Dell Latitude 14"" 3450 ( i7-1355U RAM 16GB, SSD 256GB)",Bartira,-,-,Novo,19.11.2024,Em uso,107322,"R$ 7.700,00",Transferido a pedido de professora Mirele 08/10/2025 - via termo de responsabilidade
4407020006652024,Equipamento de Informática,Notebook,"Dell Latitude 14"" 3450 ( i7-1355U RAM 16GB, SSD 256GB)",Elyda,-,-,Novo,19.11.2024,Em uso,107322,"R$ 7.700,00",Transferido a pedido de professora Mirele 08/10/2025 - via termo de responsabilidade
4407020006662024,Equipamento de Informática,Notebook,"Dell Latitude 14"" 3450 ( i7-1355U RAM 16GB, SSD 256GB)",Andresson,-,-,Novo,19.11.2024,Em uso,107322,"R$ 7.700,00",Transferido a pedido de professora Mirele 08/10/2025 - via termo de responsabilidade
4407020005102025,Equipamento de Informática,Notebook,"Dell Latitude 14"" 3450 ( i7-1355U RAM 16GB, SSD 256GB)",Marjony,-,-,Novo,06.10.2025,Em uso,731,"R$ 7.700,00",Transferido a pedido de professora Mirele 08/10/2025 - via termo de responsabilidade
4407020005112025,Equipamento de Informática,Notebook,"Dell Latitude 14"" 3450 ( i7-1355U RAM 16GB, SSD 256GB)",Jackson,-,-,Novo,06.10.2025,Em uso,731,"R$ 7.700,00",Transferido a pedido de professora Mirele 16/10/2025 - via termo de responsabilidade
4407020005122025,Equipamento de Informática,Notebook,"Dell Latitude 14"" 3450 ( i7-1355U RAM 16GB, SSD 256GB)",Fabiana,-,-,Novo,06.10.2025,Em uso,731,"R$ 7.700,00",Transferido a pedido de professora Mirele 16/10/2025 - via termo de responsabilidade
4407020005132025,Equipamento de Informática,Notebook,"Dell Latitude 14"" 3450 ( i7-1355U RAM 16GB, SSD 256GB)",Adriana,-,-,Novo,06.10.2025,Em uso,731,"R$ 7.700,00",Transferido a pedido de professora Mirele 30/10/2025 - via termo de responsabilidade
4407020005142025,Equipamento de Informática,Notebook,"Dell Latitude 14"" 3450 ( i7-1355U RAM 16GB, SSD 256GB)",Fernando Carvalho,-,-,Novo,06.10.2025,Em uso,731,"R$ 7.700,00",Transferido a pedido de professora Mirele 31/10/2025 - via termo de responsabilidade
4407020005152025,Equipamento de Informática,Notebook,"Dell Latitude 14"" 3450 ( i7-1355U RAM 16GB, SSD 256GB)",Jefferson Lacerda,-,-,Novo,06.10.2025,Em uso,731,"R$ 7.700,00","transferência a pedido de professora Mirele, 03/03/2026 - via termo de responsabilidade."
4407020005162025,Equipamento de Informática,Notebook,"Dell Latitude 14"" 3450 ( i7-1355U RAM 16GB, SSD 256GB)",Rosie,-,-,Novo,06.10.2025,Em uso,731,"R$ 7.700,00","transferência a pedido de professora Mirele, 03/03/2026 - via termo de responsabilidade."
4407020005172025,Equipamento de Informática,Notebook,"Dell Latitude 14"" 3450 ( i7-1355U RAM 16GB, SSD 256GB)",Ana Paula,-,-,Novo,06.10.2025,Em uso,731,"R$ 7.700,00","transferência a pedido de professora Mirele, 31/03/2026 - via termo de responsabilidade."
sem patrimônio,Móveis e Utensílios,Estante de Aço ,7 unidades  com 5 prateleiras,-,1º Andar,Almoxarifado,Bom,-,Em uso,-,-,-
4407020005182025,Equipamento de Informática,Notebook,"Dell Latitude 14"" 3450 ( i7-1355U RAM 16GB, SSD 256GB)",,1º Andar,Almoxarifado,Novo,06.10.2025,No estoque,731,"R$ 7.700,00",Aguardando destinação
4407020005192025,Equipamento de Informática,Notebook,"Dell Latitude 14"" 3450 ( i7-1355U RAM 16GB, SSD 256GB)",,1º Andar,Almoxarifado,Novo,06.10.2025,No estoque,731,"R$ 7.700,00",Aguardando destinação
4407020005202025,Equipamento de Informática,Notebook,"Dell Latitude 14"" 3450 ( i7-1355U RAM 16GB, SSD 256GB)",,1º Andar,Almoxarifado,Novo,06.10.2025,No estoque,731,"R$ 7.700,00",Aguardando destinação
4407020005212025,Equipamento de Informática,Notebook,"Dell Latitude 14"" 3450 ( i7-1355U RAM 16GB, SSD 256GB)",,1º Andar,Almoxarifado,Novo,06.10.2025,No estoque,731,"R$ 7.700,00",Aguardando destinação
4407020005222025,Equipamento de Informática,Notebook,"Dell Latitude 14"" 3450 ( i7-1355U RAM 16GB, SSD 256GB)",,1º Andar,Almoxarifado,Novo,06.10.2025,No estoque,731,"R$ 7.700,00",Aguardando destinação
4407020005232025,Equipamento de Informática,Notebook,"Dell Latitude 14"" 3450 ( i7-1355U RAM 16GB, SSD 256GB)",,1º Andar,Almoxarifado,Novo,06.10.2025,No estoque,731,"R$ 7.700,00",Aguardando destinação
4407020005242025,Equipamento de Informática,Notebook,"Dell Latitude 14"" 3450 ( i7-1355U RAM 16GB, SSD 256GB)",,1º Andar,Almoxarifado,Novo,06.10.2025,No estoque,731,"R$ 7.700,00",Aguardando destinação
4407020005252025,Equipamento de Informática,Notebook,"Dell Latitude 14"" 3450 ( i7-1355U RAM 16GB, SSD 256GB)",,1º Andar,Almoxarifado,Novo,06.10.2025,No estoque,731,"R$ 7.700,00",Aguardando destinação
4407020005262025,Equipamento de Informática,Notebook,"Dell Latitude 14"" 3450 ( i7-1355U RAM 16GB, SSD 256GB)",,1º Andar,Almoxarifado,Novo,06.10.2025,No estoque,731,"R$ 7.700,00",Aguardando destinação
4407020005272025,Equipamento de Informática,Notebook,"Dell Latitude 14"" 3450 ( i7-1355U RAM 16GB, SSD 256GB)",,1º Andar,Almoxarifado,Novo,06.10.2025,No estoque,731,"R$ 7.700,00",Aguardando destinação
4407020005282025,Equipamento de Informática,Notebook,"Dell Latitude 14"" 3450 ( i7-1355U RAM 16GB, SSD 256GB)",,1º Andar,Almoxarifado,Novo,06.10.2025,No estoque,731,"R$ 7.700,00",Aguardando destinação
4407020005292025,Equipamento de Informática,Notebook,"Dell Latitude 14"" 3450 ( i7-1355U RAM 16GB, SSD 256GB)",,1º Andar,Almoxarifado,Novo,06.10.2025,No estoque,731,"R$ 7.700,00",Aguardando destinação
4407020005302025,Equipamento de Informática,Notebook,"Dell Latitude 14"" 3450 ( i7-1355U RAM 16GB, SSD 256GB)",,1º Andar,Almoxarifado,Novo,06.10.2025,No estoque,731,"R$ 7.700,00",Aguardando destinação
4407020005312025,Equipamento de Informática,Notebook,"Dell Latitude 14"" 3450 ( i7-1355U RAM 16GB, SSD 256GB)",,1º Andar,Almoxarifado,Novo,06.10.2025,No estoque,731,"R$ 7.700,00",Aguardando destinação
4407020005322025,Equipamento de Informática,Notebook,"Dell Latitude 14"" 3450 ( i7-1355U RAM 16GB, SSD 256GB)",,1º Andar,Almoxarifado,Novo,06.10.2025,No estoque,731,"R$ 7.700,00",Aguardando destinação
4407020005332025,Equipamento de Informática,Notebook,"Dell Latitude 14"" 3450 ( i7-1355U RAM 16GB, SSD 256GB)",,1º Andar,Almoxarifado,Novo,06.10.2025,No estoque,731,"R$ 7.700,00",Aguardando destinação
4407020001152024,Equipamentos de Informática,Impressora Multifuncional,Xerox modelo: B225 LASER,-,1º Andar,Antigo RH,Novo,30.05.2024,Em uso,193,"R$ 1.790,00","Equipamento apresentou problema na leitura dos cartuchos novos, esperando o retorno da empresa Xerox."
4407020000622026,Equipamento de Informatica,Computador (CPU),Lenovo M75q Gen2 ThinkCenter,,1º Andar,Almoxarifado,Novo,19-12-2025,No estoque,000014902,"R$ 2.279,00",empenho 2025NE003782 - Meta prioritária Int. da pós graduação.
4407020000632026,Equipamento de Informatica,Computador (CPU),Lenovo M75q Gen2 ThinkCenter,,1º Andar,Almoxarifado,Novo,19-12-2025,No estoque,000014902,"R$ 2.279,00",empenho 2025NE003782 - Meta prioritária Int. da pós graduação.
4407020000625026,Equipamento de Informatica,Computador (CPU),Lenovo M75q Gen2 ThinkCenter,,1º Andar,Almoxarifado,Novo,19-12-2025,No estoque,000014902,"R$ 2.279,00",empenho 2025NE003782 - Meta prioritária Int. da pós graduação.
4407020000626026,Equipamento de Informatica,Computador (CPU),Lenovo M75q Gen2 ThinkCenter,,1º Andar,Almoxarifado,Novo,19-12-2025,No estoque,000014902,"R$ 2.279,00",empenho 2025NE003782 - Meta prioritária Int. da pós graduação.
4407020000627026,Equipamento de Informatica,Computador (CPU),Lenovo M75q Gen2 ThinkCenter,,1º Andar,Almoxarifado,Novo,19-12-2025,No estoque,000014902,"R$ 2.279,00",empenho 2025NE003782 - Meta prioritária Int. da pós graduação.
4407020000628026,Equipamento de Informatica,Computador (CPU),Lenovo M75q Gen2 ThinkCenter,,1º Andar,Almoxarifado,Novo,19-12-2025,No estoque,000014902,"R$ 2.279,00",empenho 2025NE003782 - Meta prioritária Int. da pós graduação.
4407020000629026,Equipamento de Informatica,Computador (CPU),Lenovo M75q Gen2 ThinkCenter,,1º Andar,Almoxarifado,Novo,19-12-2025,No estoque,000014902,"R$ 2.279,00",empenho 2025NE003782 - Meta prioritária Int. da pós graduação.
4407020002702026,Equipamento de Informatica,Monitor ,Lenovo T24i 23.8 pol. ThinkVision,,1º Andar,Almoxarifado,Novo,19-12-2025,No estoque,000014902,"R$ 850,00",empenho 2025NE003782 - Meta prioritária Int. da pós graduação.
4407020002722026,Equipamento de Informatica,Monitor ,Lenovo T24i 23.8 pol. ThinkVision,,1º Andar,Almoxarifado,Novo,19-12-2025,No estoque,000014902,"R$ 850,00",empenho 2025NE003782 - Meta prioritária Int. da pós graduação.
4407020002732026,Equipamento de Informatica,Monitor ,Lenovo T24i 23.8 pol. ThinkVision,,1º Andar,Almoxarifado,Novo,19-12-2025,No estoque,000014902,"R$ 850,00",empenho 2025NE003782 - Meta prioritária Int. da pós graduação.
4407020002742026,Equipamento de Informatica,Monitor ,Lenovo T24i 23.8 pol. ThinkVision,,1º Andar,Almoxarifado,Novo,19-12-2025,No estoque,000014902,"R$ 850,00",empenho 2025NE003782 - Meta prioritária Int. da pós graduação.
4407020002752026,Equipamento de Informatica,Monitor ,Lenovo T24i 23.8 pol. ThinkVision,,1º Andar,Almoxarifado,Novo,19-12-2025,No estoque,000014902,"R$ 850,00",empenho 2025NE003782 - Meta prioritária Int. da pós graduação.
4407020002762026,Equipamento de Informatica,Monitor ,Lenovo T24i 23.8 pol. ThinkVision,,1º Andar,Almoxarifado,Novo,19-12-2025,No estoque,000014902,"R$ 850,00",empenho 2025NE003782 - Meta prioritária Int. da pós graduação.
4407020002772026,Equipamento de Informatica,Monitor ,Lenovo T24i 23.8 pol. ThinkVision,,1º Andar,Almoxarifado,Novo,19-12-2025,No estoque,000014902,"R$ 850,00",empenho 2025NE003782 - Meta prioritária Int. da pós graduação.
4407020006182024,Equipamentos de Informática,Projetor,5000 Lumens Brazil M18-W BPC1080P,-,1º Andar,Almoxarifado,Novo,24.10.2024,Manutenção,69,"R$ 1.294,60","Transferido do Laboratório 2, para o Depósito. Em, 01/07/2026."
4407020006262024,Equipamentos de Informática,Projetor,5000 Lumens Brazil M18-W BPC1080P,-,1º Andar,Almoxarifado,Novo,24.10.2024,No estoque,69,"R$ 1.294,60",aguardando os suportes para instalação
4407020006272024,Equipamentos de Informática,Projetor,5000 Lumens Brazil M18-W BPC1080P,-,1º Andar,Almoxarifado,Novo,24.10.2024,No estoque,69,"R$ 1.294,60",aguardando os suportes para instalação
4407020006282024,Equipamentos de Informática,Projetor,5000 Lumens Brazil M18-W BPC1080P,-,1º Andar,Almoxarifado,Novo,24.10.2024,No estoque,69,"R$ 1.294,60",aguardando os suportes para instalação
4407020006292024,Equipamentos de Informática,Projetor,5000 Lumens Brazil M18-W BPC1080P,-,1º Andar,Almoxarifado,Novo,24.10.2024,No estoque,69,"R$ 1.294,60",aguardando os suportes para instalação
4407020006302024,Equipamentos de Informática,Projetor,5000 Lumens Brazil M18-W BPC1080P,-,1º Andar,Almoxarifado,Novo,24.10.2024,No estoque,69,"R$ 1.294,60",aguardando os suportes para instalação
4407020006312024,Equipamentos de Informática,Projetor,5000 Lumens Brazil M18-W BPC1080P,-,1º Andar,Almoxarifado,Novo,24.10.2024,No estoque,69,"R$ 1.294,60",aguardando os suportes para instalação
4407020006322024,Equipamentos de Informática,Projetor,5000 Lumens Brazil M18-W BPC1080P,-,1º Andar,Almoxarifado,Novo,24.10.2024,No estoque,69,"R$ 1.294,60",aguardando os suportes para instalação
4407020006332024,Equipamentos de Informática,Projetor,5000 Lumens Brazil M18-W BPC1080P,-,1º Andar,Almoxarifado,Novo,24.10.2024,No estoque,69,"R$ 1.294,60",aguardando os suportes para instalação
4407020006342024,Equipamentos de Informática,Projetor,5000 Lumens Brazil M18-W BPC1080P,-,1º Andar,Almoxarifado,Novo,24.10.2024,No estoque,69,"R$ 1.294,60",aguardando os suportes para instalação
4407020006352024,Equipamentos de Informática,Projetor,5000 Lumens Brazil M18-W BPC1080P,-,1º Andar,Almoxarifado,Novo,24.10.2024,No estoque,69,"R$ 1.294,60",aguardando os suportes para instalação
4407020006362024,Equipamentos de Informática,Projetor,5000 Lumens Brazil M18-W BPC1080P,-,1º Andar,Almoxarifado,Novo,24.10.2024,No estoque,69,"R$ 1.294,60",aguardando os suportes para instalação
4407020006372024,Equipamentos de Informática,Projetor,5000 Lumens Brazil M18-W BPC1080P,-,1º Andar,Almoxarifado,Novo,24.10.2024,No estoque,69,"R$ 1.294,60",aguardando os suportes para instalação
sem patrimônio,Equipamentos de informática,Suporte ,Para projetor multimídia de teto (12 unidades),-,1º Andar,Almoxarifado,Novo,17.09.2025,No estoque,85,"R$ 58,26","Suportes para os projetores multimídia, aguardando as placas de patrimônios"
sem patrimônio,Suporte,Suporte ,Articulado de parede para TVS de 32 até 75,-,1º Andar,Almoxarifado,Novo,29.09.2025,No estoque,000.00.726,"R$ 180,00","Recebemos esse suporte, vamos verificar se vai receber patrimônio, PROPEGI, não recebemos a TV ainda."
,,,,,,,,,,,,
,Equipamentos de informática,Servidor/ CPU,"SERVIDOR LENOVO THINKSYSTEM ST50
V2 XEON E2324G 4C 16GB 2TB HD 500W",Fernando Pontual,1º Andar,Modateca/ Sala01,Bom,28-12-2023,Em uso,000464801,"R$ 6.386,17",Está cedido a um aluno de pontual
sem patrimônio,Equipamentos de Informática,Micro Computador,CP-200s 110/220v 60 hertz 7w,Raphael Dourado,1º Andar,Modateca/ Sala01,Regular,-,No estoque,-,-,Estado Desconhecido
sem patrimônio,Eletrodomestico,Jateador de Ar (Portátil),Master Sux,Raphael Dourado,1º Andar,Modateca/ Sala01,Regular,-,No estoque,-,-,Estado Desconhecido
sem patrimônio,Equipamento de áudio/vídeo,Mesa de Som,Xenyx 1832 FX Behringer,Raphael Dourado,1º Andar,Modateca/ Sala01,Bom,-,No estoque,-,-,Estado Desconhecido
sem patrimônio,Equipamento de áudio/vídeo,microfones,Prad SuperLux / 5Unidades,Raphael Dourado,1º Andar,Modateca/ Sala01,Bom,-,No estoque,-,-,Estado Desconhecido
sem patrimônio,Equipamentos de  áudio/vídeo,Acessórios para microfone,TSI,Raphael Dourado,1º Andar,Modateca/ Sala01,Bom,-,No estoque,-,-,Estado Desconhecido
5938,Equipamento de Informática,Switch,SP624R EtherFast 10/100 Mb / MicroNet,Raphael Dourado,1º Andar,Modateca/ Sala01,Bom,-,Em uso,-,-,
sem patrimônio,Equipamentos,Condensador de Ar,Midea 9000btu/h,Tarcísio,1º Andar,LEA,Bom,-,Em uso,-,-,-
sem patrimônio,Equipamentos,Evaporador de Ar,Midea MSS1-09CR 9000btu/h,Tarcísio,1º Andar,LEA,Bom,-,Em uso,-,-,-
sem patrimônio,Equipamentos de áudio/vídeo,Sistema de Vídeo Conferência,Polycom hdx 7000,Raphael Dourado,1º Andar,Modateca/ Sala01,Bom,-,No estoque,-,-,-
sem patrimônio,Eletrônico/Telecomunicações,Telefone,Gigaset DA100,Raphael Dourado,1º Andar,Modateca/ Sala01,Regular,-,No estoque,-,-,Estado Desconhecido
sem patrimônio,Equipamentos de Informática,Projetor,BENQ ,Raphael Dourado,1º Andar,ModaTeca/ Sala01,Bom,-,No estoque,-,-,Funcionando
sem patrimônio,Moveis e Utensílios,Cadeiras, 2 unidades azul sem braço,-,1º Andar,ModaTeca/ Sala01,Regular,-,Em uso,-,-,-
sem patrimônio,Moveis e Utensílios,Cadeiras,2 unidades azul com apoio de braço,-,1º Andar,ModaTeca/ Sala01,Regular,-,Em uso,-,-,-
sem patrimônio,Moveis e Utensílios,Armário,de madeira com 5 prateleiras (110cx185h)cm²,-,1º Andar,ModaTeca/ Sala01,Bom,-,Em uso,-,-,móveis da antiga modateca
sem patrimônio,Moveis e Utensílios,Armário,de madeira com 5 prateleiras (110cx186h)cm²,-,1º Andar,ModaTeca/ Sala01,Bom,-,Em uso,-,-,móveis da antiga modateca
sem patrimônio,Moveis e Utensílios,Armário,de madeira baixo com 2 portas e 2 prateleiras (100c x 100h) cm²,-,1º Andar,ModaTeca/ Sala01,Bom,-,Em uso,-,-,móveis da antiga modateca
sem patrimônio,Moveis e Utensílios,Mesa ,"de escritório em formato de ""L"" com 4 gavetas e 2 portas de madeira(288x48x81)cm²",-,1º Andar,ModaTeca/ Sala01,Bom,-,Em uso,-,-,móveis da antiga modateca
sem patrimônio,Moveis e Utensílios,Mesa ,de madeira (224x71x71)cm²,-,1º Andar,ModaTeca/ Sala01,Bom,-,Em uso,-,-,móveis da antiga modateca
4407020006862024,Moveis e Utensílios,Mesa,Retangular(1200x745x600) mm,-,1º Andar,LEA,Novo,21.11.2024,Em uso,000.002.507,"R$ 975,50",
4407020006872024,Moveis e Utensílios,Mesa,Retangular(1200x745x600) mm,-,1º Andar,LEA,Novo,21.11.2024,Em uso,000.002.507,"R$ 975,50",
8300447175,Móveis e Utensílios,Mesa,Retangular com 3 gaveteiros (110x60x75)cm,Secretária de Educação,1º Andar,LEA,Bom,-,Em uso,-,-,Transferida para o LEA
8300447180,Móveis e Utensílios,Mesa,Retangular com 3 gaveteiros (110x60x75)cm,Secretária de Educação,1º Andar,LEA,Bom,-,Em uso,-,-,Transferida para o LEA
8300447182,Móveis e Utensílios,Mesa,retangular com 3 gavetas (110x60x75)cm²,Secretária de Educação,1º Andar,LEA,Bom,-,Em uso,-,-,Transferida para o LEA
sem patrimônio,Móveis e Utensílios,Estante,"01 Unidade – Estante de aço, com 06 prateleiras, cor cinza, estrutura reforçada",-,1º Andar,LEA,Bom,-,Em uso,-,-,
sem patrimônio,Móveis e Utensílios,Cadeiras,"04 Unidades – Cadeira, sem braços, estofada em tecido, na cor azul. ",-,1º Andar,LEA,Bom,-,Em uso,-,-,
16277,Equipamentos de informática,Monitor,HP WE 129-600001,-,1º Andar,LEA,Bom,-,Em uso,-,-,
16285,Equipamentos de Informática,Monitor,HP WE 1943SE-PF 19 polegadas lcd,-,1º Andar,LEA,Regular,-,Em uso,-,-,transferida do NTI sala 02 devido as goteiras de água
16449,Equipamentos de informática,Monitor,HP L185b,-,1º Andar,LEA,Regular,-,Em uso,-,-,Sala sem nome
sem patrimônio,Equipamentos de informática,Monitor,LG Flatron 29WK500-P  série 012SPUUoL614,-,1º Andar,LEA,Bom,-,Em uso,-,-,
sem patrimônio,Móveis e Utensílios,Quadro/Lousa,"01 Unidade – Quadro Branco (Lousa), medida 120 x 200 cm, moldura em alumínio.",-,1º Andar,LEA,Bom,-,Em uso,-,-,-
sem patrimônio,Móveis e Utensílios,Quadro/Lousa,"01 Unidade – Quadro Branco (Lousa), medida 120 x 200 cm, moldura em madeira.",-,1º Andar,LEA,Bom,-,Em uso,-,-,-
4407020017582022,Móveis e utensílios,Mesa,Retangular 1200x745x600mm,-,1º Andar,Psicosocial,Bom,06.09.2022,Em uso,-,-,Transferido para sala da Psicologa
sem patrimônio,Móveis e Utensílios,Mesa de Apoio,Quadrada (70x70x40) cm²,-,1º Andar,Psicosocial,Bom,-,Em uso,-,-,-
sem patrimônio,Móveis e Utensílios,Mesa ,Retangular (120x120x77) cm²,-,1º Andar,Psicosocial,Bom,-,Em uso,-,-,-
sem patrimônio,Móveis e Utensílios,Cadeiras,"02 Unidades – Cadeira Poltrona, com braços, estrutura em madeira.",-,1º Andar,Psicosocial,Bom,-,Em uso,-,-,"02 Unidades – Cadeira Poltrona, com braços, estrutura em madeira, assento e encosto estofados em tecido, na cor cinza escuro."
sem patrimônio,Móveis e Utensílios,Cadeira,"01 Unidade – Cadeira, sem braços, estofada em tecido, na cor azul. ",-,1º Andar,Psicosocial,Bom,-,Em uso,-,-,-
sem patrimônio,Equipamentos de informática,Notebook Asus,"Model: X515M 15,6`` LED",Sonia Regina/Jackson Raniel,1º Andar,Psicosocial,Bom,-,Em uso,-,-,Serial Number: NBN0B6025971478 
sem tombamento,Equipamentos,Evaporador de Ar,ElectroLux EcoTurbo 9000 Btu/h,Raphael Dourado,1º Andar,Psicosocial,Bom,-,Em uso,-,-,-
sem tombamento,Equipamentos,Condensador de Ar,ElectroLux EcoTurbo 9000 Btu/h,Raphael Dourado,1º Andar,Psicosocial,Bom,-,Em uso,-,-,-
21794,Equipamentos de informática,Gabinete (CPU),HP Compaq 6000 Pro MT Intel Core 2 Duo,-,1º Andar,Depósito/Antiga Sala de Vídeo Conferência,Danificado,-,Irrecuperável,-,-,Computador apresentou problema de Bios e problema de Hardware
4407020034262022,Equipamentos de informática,Estabilizador,ES-300VA BM 115V Bem Ligado CLK,-,1º Andar,Depósito/Antiga Sala de Vídeo Conferência,Danificado,19.01.2023,Irrecuperável,000064769,"R$ 115,00",quebrado
4407020034532022,Equipamentos de informática,Estabilizador,ES-300VA BM 115V Bem Ligado CLK,-,1º Andar,Depósito/Antiga Sala de Vídeo Conferência,Danificado,19.01.2023,Irrecuperável,000064769,"R$ 115,00",quebrado
4407020034332022,Equipamentos de informática,Estabilizador,ES-300VA BM 115V Bem Ligado CLK,-,1º Andar,Depósito/Antiga Sala de Vídeo Conferência,Danificado,19.01.2023,Irrecuperável,000064769,"R$ 115,00",quebrou e foi transferido para o depósito.
15924,Equipamentos de informática,Gabinete (CPU),HP Compaq 6000 Pro MT Intel Core 2 Duo,-,1º Andar,Depósito/Antiga Sala de Vídeo Conferência,Regular,-,No estoque,-,-,transferida do NTI sala 02 devido as goteiras de água
21769,Equipamentos de informática,Gabinete (CPU),HP Compaq 6000 Pro MT Intel Core 2 Duo,-,1º Andar,Depósito/Antiga Sala de Vídeo Conferência,Regular,-,No estoque,-,-,transferida do NTI sala 02 devido as goteiras de água
21792,Equipamentos de informática,Gabinete (CPU),HP Compaq 6000 Pro MT Intel Core 2 Duo,-,1º Andar,Depósito/Antiga Sala de Vídeo Conferência,Regular,-,No estoque,-,-,transferida do NTI sala 02 devido as goteiras de água
21818,Equipamentos de informática,Gabinete (CPU),HP Compaq 6000 Pro MT Intel Core 2 Duo,-,1º Andar,Depósito/Antiga Sala de Vídeo Conferência,Regular,-,No estoque,-,-,transferida do NTI sala 02 devido as goteiras de água
21800,Equipamentos de informática,Gabinete (CPU),HP Compaq 6000 Pro MT Intel Core 2 Duo,-,1º Andar,Depósito/Antiga Sala de Vídeo Conferência,Regular,-,No estoque,-,-,transferida do NTI sala 02 devido as goteiras de água
21798,Equipamentos de informática,Gabinete (CPU),HP Compaq 6000 Pro MT Intel Core 2 Duo,-,1º Andar,Depósito/Antiga Sala de Vídeo Conferência,Regular,-,No estoque,-,-,transferida do NTI sala 02 devido as goteiras de água
15918,Equipamentos de informática,Gabinete (CPU),HP Compaq 6000 Pro MT Intel Core 2 Duo,-,1º Andar,Depósito/Antiga Sala de Vídeo Conferência,Regular,-,No estoque,-,-,transferida do NTI sala 02 devido as goteiras de água
15916,Equipamentos de informática,Gabinete (CPU),HP Compaq 6000 Pro MT Intel Core 2 Duo,-,1º Andar,Depósito/Antiga Sala de Vídeo Conferência,Regular,-,No estoque,-,-,transferida do NTI sala 02 devido as goteiras de água
21775,Equipamentos de informática,Gabinete (CPU),HP Compaq 6000 Pro MT Intel Core 2 Duo,-,1º Andar,Depósito/Antiga Sala de Vídeo Conferência,Regular,-,No estoque,-,-,transferida do NTI sala 02 devido as goteiras de água
21869,Equipamentos de Informática,Monitor,HP WE 1943SE-PF 19 polegadas lcd,Cynthia,1º Andar,Depósito/Antiga Sala de Vídeo Conferência,Regular,-,No estoque,-,-,transferido RH para o depósito 27/04/2026
16450,Equipamentos de informática,Monitor,HP L185b,-,1º Andar,Depósito/Antiga Sala de Vídeo Conferência,Regular,-,No estoque,-,-,transferida do NTI sala 02 devido as goteiras de água
16458,Equipamentos de informática,Monitor,HP L185b,-,1º Andar,Depósito/Antiga Sala de Vídeo Conferência,Regular,-,No estoque,-,-,transferida do NTI sala 02 devido as goteiras de água
21849,Equipamentos de informática,Monitor,HP L185b,-,1º Andar,Depósito/Antiga Sala de Vídeo Conferência,Regular,-,No estoque,-,-,transferida do NTI sala 02 devido as goteiras de água
21865,Equipamentos de informática,Monitor,HP L185b,-,1º Andar,Depósito/Antiga Sala de Vídeo Conferência,Regular,-,No estoque,-,-,transferida do NTI sala 02 devido as goteiras de água
21868,Equipamentos de informática,Monitor,HP L185b,-,1º Andar,Depósito/Antiga Sala de Vídeo Conferência,Regular,-,No estoque,-,-,transferida do NTI sala 02 devido as goteiras de água
21880,Equipamentos de informática,Monitor,HP L185b,-,1º Andar,Depósito/Antiga Sala de Vídeo Conferência,Regular,-,No estoque,-,-,transferida do NTI sala 02 devido as goteiras de água
21904,Equipamentos de informática,Monitor,HP L185b,-,1º Andar,Depósito/Antiga Sala de Vídeo Conferência,Regular,-,No estoque,-,-,transferida do NTI sala 02 devido as goteiras de água
21916,Equipamentos de informática,Monitor,HP L185b,-,1º Andar,Depósito/Antiga Sala de Vídeo Conferência,Regular,-,No estoque,-,-,transferida do NTI sala 02 devido as goteiras de água
21828,Equipamentos de informática,Gabinete (CPU),HP Compaq 6000 Pro MT Intel Core 2 Duo,Raphael Dourado,1º Andar,Depósito/Antiga Sala de Vídeo Conferência,Regular,-,No estoque,-,-,cpu antigos(verificar se tem nf)
sem patrimônio,Equipamentos de Informática,Notebook,Lenovo,Raphael Dourado,1º Andar,Depósito/Antiga Sala de Vídeo Conferência,Danificado,-,Irrecuperável,-,-,-
sem patrimônio,Equipamento de som,Caixa de Som,MachinTec,-,1º Andar,Depósito/Antiga Sala de Vídeo Conferência,Danificado,-,Irrecuperável,-,-,"Transferido para o depósito, não está funcionando mais."
Sem patrimônio,Equipamentos de Informática,NetBook,N3 mobile (2 Unidades),-,1º Andar,Depósito/Antiga Sala de Vídeo Conferência,Danificado,-,Irrecuperável,-,-,quebrados
sem patrimônio,Equipamentos de Informática,Projetor Digital,BenQ M5 500+ (3 Unidades),Raphael Dourado,1º Andar,Depósito/Antiga Sala de Vídeo Conferência,Danificado,-,Irrecuperável,-,-,3 unidades não funciona
19759,Moveis e Utensílios,Suporte,para projetor,Pro Reitoria Administrativa,1º Andar,Depósito/Antiga Sala de Vídeo Conferência,Regular,-,Obsoleto,-,-,sem utilização
19761,Moveis e Utensílios,Suporte,para projetor,Pro Reitoria Administrativa,1º Andar,Depósito/Antiga Sala de Vídeo Conferência,Regular,-,Obsoleto,-,-,sem utilização
19764,Moveis e Utensílios,Suporte,para projetor,Pro Reitoria Administrativa,1º Andar,Depósito/Antiga Sala de Vídeo Conferência,Regular,-,Obsoleto,-,-,sem utilização
19766,Moveis e Utensílios,Suporte,para projetor,Pro Reitoria Administrativa,1º Andar,Depósito/Antiga Sala de Vídeo Conferência,Regular,-,Obsoleto,-,-,sem utilização
19769,Moveis e Utensílios,Suporte,para projetor,Pro Reitoria Administrativa,1º Andar,Depósito/Antiga Sala de Vídeo Conferência,Regular,-,Obsoleto,-,-,sem utilização
15913,Equipamentos de informática,Gabinete (CPU),HP Compaq 6000 Pro MT Intel Core 2 Duo,-,1º Andar,Depósito/Antiga Sala de Vídeo Conferência,Regular,-,No estoque,-, peri,transferido do NTI sala 02 devido as goteiras de água
21795,Equipamentos de informática,Gabinete (CPU),HP Compaq 6000 Pro MT Intel Core 2 Duo,-,1º Andar,Depósito/Antiga Sala de Vídeo Conferência,Regular,-,No estoque,-,-,transferido do NTI sala 02 devido as goteiras de água
21772,Equipamentos de informática,Gabinete (CPU),HP Compaq 6000 Pro MT Intel Core 2 Duo,-,1º Andar,Depósito/Antiga Sala de Vídeo Conferência,Regular,-,No estoque,-,-,transferido do NTI sala 02 devido as goteiras de água
,,,,,,,,,,,,
21781,Equipamentos de informática,Gabinete (CPU),HP Compaq 6000 Pro MT Intel Core 2 Duo,-,1º Andar,Depósito/Antiga Sala de Vídeo Conferência,Regular,-,No estoque,-,-,transferido do NTI sala 02 devido as goteiras de água
16016,Equipamentos de informática,Gabinete (CPU),HP Compaq 6000 Pro MT Intel Core 2 Duo,-,1º Andar,Depósito/Antiga Sala de Vídeo Conferência,Regular,-,No estoque,-,-,transferido do NTI sala 02 devido as goteiras de água
16007,Equipamentos de informática,Gabinete (CPU),HP Compaq 6000 Pro MT Intel Core 2 Duo,-,1º Andar,Depósito/Antiga Sala de Vídeo Conferência,Regular,-,No estoque,-,-,transferido do NTI sala 02 devido as goteiras de água
21808,Equipamentos de informática,Gabinete (CPU),HP Compaq 6000 Pro MT Intel Core 2 Duo,-,1º Andar,Depósito/Antiga Sala de Vídeo Conferência,Regular,-,No estoque,-,-,transferido do NTI sala 02 devido as goteiras de água
21770,Equipamentos de informática,Gabinete (CPU),HP Compaq 6000 Pro MT Intel Core 2 Duo,-,1º Andar,Depósito/Antiga Sala de Vídeo Conferência,Regular,-,No estoque,-,-,transferido do NTI sala 02 devido as goteiras de água
15920,Equipamentos de informática,Gabinete (CPU),HP Compaq 6000 Pro MT Intel Core 2 Duo,-,1º Andar,Depósito/Antiga Sala de Vídeo Conferência,Regular,-,No estoque,-,-,transferido do NTI sala 02 devido as goteiras de água
21776,Equipamentos de informática,Gabinete (CPU),HP Compaq 6000 Pro MT Intel Core 2 Duo,-,1º Andar,Depósito/Antiga Sala de Vídeo Conferência,Regular,-,No estoque,-,-,transferido do NTI sala 02 devido as goteiras de água
21778,Equipamentos de informática,Gabinete (CPU),HP Compaq 6000 Pro MT Intel Core 2 Duo,-,1º Andar,Depósito/Antiga Sala de Vídeo Conferência,Regular,-,No estoque,-,-,transferido do NTI sala 02 devido as goteiras de água
21822,Equipamentos de informática,Gabinete (CPU),HP Compaq 6000 Pro MT Intel Core 2 Duo,-,1º Andar,Depósito/Antiga Sala de Vídeo Conferência,Regular,-,No estoque,-,-,transferido do NTI sala 02 devido as goteiras de água
21813,Equipamentos de informática,Gabinete (CPU),HP Compaq 6000 Pro MT Intel Core 2 Duo,-,1º Andar,Depósito/Antiga Sala de Vídeo Conferência,Regular,-,No estoque,-,-,transferido do NTI sala 02 devido as goteiras de água
21819,Equipamentos de informática,Gabinete (CPU),HP Compaq 6000 Pro MT Intel Core 2 Duo,-,1º Andar,Depósito/Antiga Sala de Vídeo Conferência,Regular,-,No estoque,-,-,transferido do NTI sala 02 devido as goteiras de água
15999,Equipamentos de informática,Gabinete (CPU),HP Compaq 6000 Pro MT Intel Core 2 Duo,-,1º Andar,Depósito/Antiga Sala de Vídeo Conferência,Regular,-,No estoque,-,-,transferido do NTI sala 02 devido as goteiras de água
21788,Equipamentos de informática,Gabinete (CPU),HP Compaq 6000 Pro MT Intel Core 2 Duo,-,1º Andar,Depósito/Antiga Sala de Vídeo Conferência,Regular,-,No estoque,-,-,transferido do NTI sala 02 devido as goteiras de água
21786,Equipamentos de informática,Gabinete (CPU),HP Compaq 6000 Pro MT Intel Core 2 Duo,-,1º Andar,Depósito/Antiga Sala de Vídeo Conferência,Regular,-,No estoque,-,-,transferido do NTI sala 02 devido as goteiras de água
21807,Equipamentos de informática,Gabinete (CPU),HP Compaq 6000 Pro MT Intel Core 2 Duo,-,1º Andar,Depósito/Antiga Sala de Vídeo Conferência,Regular,-,No estoque,-,-,transferido do NTI sala 02 devido as goteiras de água
16015,Equipamentos de informática,Gabinete (CPU),HP Compaq 6000 Pro MT Intel Core 2 Duo,-,1º Andar,Depósito/Antiga Sala de Vídeo Conferência,Regular,-,No estoque,-,-,
15923,Equipamentos de informática,Gabinete (CPU),HP Compaq 6000 Pro MT Intel Core 2 Duo,-,1º Andar,Depósito/Antiga Sala de Vídeo Conferência,Regular,-,No estoque,-,-,transferido do NTI sala 02 devido as goteiras de água
21796,Equipamentos de informática,Gabinete (CPU),HP Compaq 6000 Pro MT Intel Core 2 Duo,-,1º Andar,Depósito/Antiga Sala de Vídeo Conferência,Regular,-,No estoque,-,-,transferido do NTI sala 02 devido as goteiras de água
21797,Equipamentos de informática,Gabinete (CPU),HP Compaq 6000 Pro MT Intel Core 2 Duo,-,1º Andar,Depósito/Antiga Sala de Vídeo Conferência,Regular,-,No estoque,-,-,transferido do NTI sala 02 devido as goteiras de água
16006,Equipamentos de informática,Gabinete (CPU),HP Compaq 6000 Pro MT Intel Core 2 Duo,-,1º Andar,Depósito/Antiga Sala de Vídeo Conferência,Regular,-,No estoque,-,-,transferido do NTI sala 02 devido as goteiras de água
21834,Equipamentos de informática,Gabinete (CPU),HP Compaq 6000 Pro MT Intel Core 2 Duo,-,1º Andar,Depósito/Antiga Sala de Vídeo Conferência,Regular,-,No estoque,-,-,transferido do NTI sala 02 devido as goteiras de água
21846,Equipamentos de informática,Gabinete (CPU),HP Compaq 6000 Pro MT Intel Core 2 Duo,-,1º Andar,Depósito/Antiga Sala de Vídeo Conferência,Regular,-,No estoque,-,-,transferido do NTI sala 02 devido as goteiras de água
21810,Equipamentos de informática,Gabinete (CPU),HP Compaq 6000 Pro MT Intel Core 2 Duo,-,1º Andar,Depósito/Antiga Sala de Vídeo Conferência,Regular,-,No estoque,-,-,transferido do NTI sala 02 devido as goteiras de água
15922,Equipamentos de informática,Gabinete (CPU),HP Compaq 6000 Pro MT Intel Core 2 Duo,-,1º Andar,Depósito/Antiga Sala de Vídeo Conferência,Regular,-,No estoque,-,-,transferido do NTI sala 02 devido as goteiras de água
16004,Equipamentos de informática,Gabinete (CPU),HP Compaq 6000 Pro MT Intel Core 2 Duo,-,1º Andar,Depósito/Antiga Sala de Vídeo Conferência,Regular,-,No estoque,-,-,transferido do NTI sala 02 devido as goteiras de água
21843,Equipamentos de informática,Gabinete (CPU),HP Compaq 6000 Pro MT Intel Core 2 Duo,-,1º Andar,Depósito/Antiga Sala de Vídeo Conferência,Regular,-,No estoque,-,-,transferido do NTI sala 02 devido as goteiras de água
15921,Equipamentos de informática,Gabinete (CPU),HP Compaq 6000 Pro MT Intel Core 2 Duo,-,1º Andar,Depósito/Antiga Sala de Vídeo Conferência,Regular,-,No estoque,-,-,transferido do NTI sala 02 devido as goteiras de água
16000,Equipamentos de informática,Gabinete (CPU),HP Compaq 6000 Pro MT Intel Core 2 Duo,-,1º Andar,Depósito/Antiga Sala de Vídeo Conferência,Regular,-,No estoque,-,-,transferido do NTI sala 02 devido as goteiras de água
15910,Equipamentos de informática,Gabinete (CPU),HP Compaq 6000 Pro MT Intel Core 2 Duo,-,1º Andar,Depósito/Antiga Sala de Vídeo Conferência,Regular,-,No estoque,-,-,transferido do NTI sala 02 devido as goteiras de água
21768,Equipamentos de informática,Gabinete (CPU),HP Compaq 6000 Pro MT Intel Core 2 Duo,-,1º Andar,Depósito/Antiga Sala de Vídeo Conferência,Regular,-,Em uso,-,-,CPU antigos (verificar se tem NF)
21889,Equipamentos de Informática,Monitor,HP WE 1943SE-PF 19 polegadas lcd,-,1º Andar,Depósito/Antiga Sala de Vídeo Conferência,Regular,-,No estoque,-,-,transferido do NTI sala 02 devido as goteiras de água
16453,Equipamentos de Informática,Monitor,HP WE 1943SE-PF 19 polegadas lcd,-,1º Andar,Depósito/Antiga Sala de Vídeo Conferência,Regular,-,No estoque,-,-,transferido do NTI sala 02 devido as goteiras de água
16443,Equipamentos de Informática,Monitor,HP WE 1943SE-PF 19 polegadas lcd,-,1º Andar,Depósito/Antiga Sala de Vídeo Conferência,Regular,-,No estoque,-,-,transferido do NTI sala 02 devido as goteiras de água
21914,Equipamentos de Informática,Monitor,HP WE 1943SE-PF 19 polegadas lcd,-,1º Andar,Depósito/Antiga Sala de Vídeo Conferência,Regular,-,No estoque,-,-,transferido do NTI sala 02 devido as goteiras de água
16461,Equipamentos de Informática,Monitor,HP WE 1943SE-PF 19 polegadas lcd,-,1º Andar,Depósito/Antiga Sala de Vídeo Conferência,Regular,-,No estoque,-,-,transferido do NTI sala 02 devido as goteiras de água
21892,Equipamentos de Informática,Monitor,HP WE 1943SE-PF 19 polegadas lcd,-,1º Andar,Depósito/Antiga Sala de Vídeo Conferência,Regular,-,No estoque,-,-,transferido do NTI sala 02 devido as goteiras de água
21875,Equipamentos de Informática,Monitor,HP WE 1943SE-PF 19 polegadas lcd,-,1º Andar,Depósito/Antiga Sala de Vídeo Conferência,Regular,-,No estoque,-,-,transferido do NTI sala 02 devido as goteiras de água
16279,Equipamentos de Informática,Monitor,HP WE 1943SE-PF 19 polegadas lcd,-,1º Andar,Depósito/Antiga Sala de Vídeo Conferência,Regular,-,No estoque,-,-,transferido do NTI sala 02 devido as goteiras de água
16281,Equipamentos de Informática,Monitor,HP WE 1943SE-PF 19 polegadas lcd,-,1º Andar,Depósito/Antiga Sala de Vídeo Conferência,Regular,-,No estoque,-,-,transferida do NTI sala 02 devido as goteiras de água
21890,Equipamentos de Informática,Monitor,HP WE 1943SE-PF 19 polegadas lcd,-,1º Andar,Depósito/Antiga Sala de Vídeo Conferência,Regular,-,No estoque,-,-,transferido do NTI sala 02 devido as goteiras de água
16451,Equipamentos de Informática,Monitor,HP WE 1943SE-PF 19 polegadas lcd,-,1º Andar,Depósito/Antiga Sala de Vídeo Conferência,Regular,-,No estoque,-,-,transferido do NTI sala 02 devido as goteiras de água
16448,Equipamentos de Informática,Monitor,HP WE 1943SE-PF 19 polegadas lcd,-,1º Andar,Depósito/Antiga Sala de Vídeo Conferência,Regular,-,No estoque,-,-,transferido do NTI sala 02 devido as goteiras de água
21872,Equipamentos de Informática,Monitor,HP WE 1943SE-PF 19 polegadas lcd,-,1º Andar,Depósito/Antiga Sala de Vídeo Conferência,Regular,-,No estoque,-,-,transferida do NTI sala 02 devido as goteiras de água
21866,Equipamentos de Informática,Monitor,HP WE 1943SE-PF 19 polegadas lcd,-,1º Andar,Depósito/Antiga Sala de Vídeo Conferência,Regular,-,No estoque,-,-,transferida do NTI sala 02 devido as goteiras de água
16452,Equipamentos de Informática,Monitor,HP WE 1943SE-PF 19 polegadas lcd,-,1º Andar,Depósito/Antiga Sala de Vídeo Conferência,Regular,-,No estoque,-,-,transferida do NTI sala 02 devido as goteiras de água
21870,Equipamentos de Informática,Monitor,HP WE 1943SE-PF 19 polegadas lcd,-,1º Andar,Depósito/Antiga Sala de Vídeo Conferência,Regular,-,No estoque,-,-,transferida do NTI sala 02 devido as goteiras de água
16447,Equipamentos de Informática,Monitor,HP WE 1943SE-PF 19 polegadas lcd,-,1º Andar,Depósito/Antiga Sala de Vídeo Conferência,Regular,-,No estoque,-,-,transferida do NTI sala 02 devido as goteiras de água
21864,Equipamentos de Informática,Monitor,HP WE 1943SE-PF 19 polegadas lcd,-,1º Andar,Depósito/Antiga Sala de Vídeo Conferência,Regular,-,No estoque,-,-,transferida do NTI sala 02 devido as goteiras de água
21874,Equipamentos de Informática,Monitor,HP WE 1943SE-PF 19 polegadas lcd,-,1º Andar,Depósito/Antiga Sala de Vídeo Conferência,Regular,-,No estoque,-,-,transferida do NTI sala 02 devido as goteiras de água
21879,Equipamentos de Informática,Monitor,HP WE 1943SE-PF 19 polegadas lcd,-,1º Andar,Depósito/Antiga Sala de Vídeo Conferência,Regular,-,No estoque,-,-,transferida do NTI sala 02 devido as goteiras de água
16286,Equipamentos de Informática,Monitor,HP WE 1943SE-PF 19 polegadas lcd,-,1º Andar,Depósito/Antiga Sala de Vídeo Conferência,Regular,-,No estoque,-,-,transferida do NTI sala 02 devido as goteiras de água
21919,Equipamentos de Informática,Monitor,HP WE 1943SE-PF 19 polegadas lcd,-,1º Andar,Depósito/Antiga Sala de Vídeo Conferência,Regular,-,No estoque,-,-,transferida do NTI sala 02 devido as goteiras de água
21924,Equipamentos de Informática,Monitor,HP WE 1943SE-PF 19 polegadas lcd,-,1º Andar,Depósito/Antiga Sala de Vídeo Conferência,Regular,-,No estoque,-,-,transferida do NTI sala 02 devido as goteiras de água
16291,Equipamentos de Informática,Monitor,HP WE 1943SE-PF 19 polegadas lcd,-,1º Andar,Depósito/Antiga Sala de Vídeo Conferência,Regular,-,No estoque,-,-,transferida do NTI sala 02 devido as goteiras de água
16460,Equipamentos de Informática,Monitor,HP WE 1943SE-PF 19 polegadas lcd,-,1º Andar,Depósito/Antiga Sala de Vídeo Conferência,Regular,-,No estoque,-,-,transferida do NTI sala 02 devido as goteiras de água
21910,Equipamentos de Informática,Monitor,HP WE 1943SE-PF 19 polegadas lcd,-,1º Andar,Depósito/Antiga Sala de Vídeo Conferência,Regular,-,No estoque,-,-,transferida do NTI sala 02 devido as goteiras de água
16457,Equipamentos de Informática,Monitor,HP WE 1943SE-PF 19 polegadas lcd,-,1º Andar,Depósito/Antiga Sala de Vídeo Conferência,Regular,-,No estoque,-,-,transferida do NTI sala 02 devido as goteiras de água
16454,Equipamentos de Informática,Monitor,HP WE 1943SE-PF 19 polegadas lcd,-,1º Andar,Depósito/Antiga Sala de Vídeo Conferência,Regular,-,No estoque,-,-,transferida do NTI sala 02 devido as goteiras de água
21891,Equipamentos de Informática,Monitor,HP WE 1943SE-PF 19 polegadas lcd,-,1º Andar,Depósito/Antiga Sala de Vídeo Conferência,Regular,-,No estoque,-,-,transferida do NTI sala 02 devido as goteiras de água
21908,Equipamentos de Informática,Monitor,HP WE 1943SE-PF 19 polegadas lcd,-,1º Andar,Depósito/Antiga Sala de Vídeo Conferência,Regular,-,No estoque,-,-,transferida do NTI sala 02 devido as goteiras de água
16287,Equipamentos de Informática,Monitor,HP WE 1943SE-PF 19 polegadas lcd,-,1º Andar,Depósito/Antiga Sala de Vídeo Conferência,Regular,-,No estoque,-,-,"transferida do NTI para o Depósito em, 06/07/2026."
,,,,,,,,,,,,
16283,Equipamentos de Informática,Monitor,HP WE 1943SE-PF 19 polegadas lcd,-,1º Andar,Depósito/Antiga Sala de Vídeo Conferência,Regular,-,No estoque,-,-,transferida do NTI sala 02 devido as goteiras de água
16284,Equipamentos de Informática,Monitor,HP WE 1943SE-PF 19 polegadas lcd,-,1º Andar,Depósito/Antiga Sala de Vídeo Conferência,Regular,-,No estoque,-,-,transferida do NTI sala 02 devido as goteiras de água
21897,Equipamentos de Informática,Monitor,HP WE 1943SE-PF 19 polegadas lcd,-,1º Andar,Depósito/Antiga Sala de Vídeo Conferência,Regular,-,No estoque,-,-,transferida do NTI sala 02 devido as goteiras de água
16290,Equipamentos de Informática,Monitor,HP WE 1943SE-PF 19 polegadas lcd,-,1º Andar,Depósito/Antiga Sala de Vídeo Conferência,Regular,-,No estoque,-,-,transferida do NTI sala 02 devido as goteiras de água
21871,Equipamentos de Informática,Monitor,HP WE 1943SE-PF 19 polegadas lcd,-,1º Andar,Depósito/Antiga Sala de Vídeo Conferência,Regular,-,No estoque,-,-,transferida do NTI sala 02 devido as goteiras de água
21877,Equipamentos de Informática,Monitor,HP WE 1943SE-PF 19 polegadas lcd,-,1º Andar,Depósito/Antiga Sala de Vídeo Conferência,Regular,-,No estoque,-,-,transferida do NTI sala 02 devido as goteiras de água
16280,Equipamentos de Informática,Monitor,HP WE 1943SE-PF 19 polegadas lcd,-,1º Andar,Depósito/Antiga Sala de Vídeo Conferência,Regular,-,No estoque,-,-,transferida do NTI sala 02 devido as goteiras de água
16289,Equipamentos de Informática,Monitor,HP WE 1943SE-PF 19 polegadas lcd,-,1º Andar,Depósito/Antiga Sala de Vídeo Conferência,Regular,-,No estoque,-,-,transferida do NTI sala 02 devido as goteiras de água
21884,Equipamentos de Informática,Monitor,HP WE 1943SE-PF 19 polegadas lcd,-,1º Andar,Depósito/Antiga Sala de Vídeo Conferência,Regular,-,No estoque,-,-,transferida do NTI sala 02 devido as goteiras de água
21863,Equipamentos de Informática,Monitor,HP WE 1943SE-PF 19 polegadas lcd,-,1º Andar,Depósito/Antiga Sala de Vídeo Conferência,Regular,-,No estoque,,,
21873,Equipamentos de Informática,Monitor,HP WE 1943SE-PF 19 polegadas lcd,-,1º Andar,Depósito/Antiga Sala de Vídeo Conferência,Regular,-,No estoque,-,-,transferida do NTI sala 02 devido as goteiras de água
21867,Equipamentos de Informática,Monitor,HP WE 1943SE-PF 19 polegadas lcd,-,1º Andar,Depósito/Antiga Sala de Vídeo Conferência,Regular,-,No estoque,-,-,transferida do NTI sala 02 devido as goteiras de água
16288,Equipamentos de Informática,Monitor,HP WE 1943SE-PF 19 polegadas lcd,-,1º Andar,Depósito/Antiga Sala de Vídeo Conferência,Regular,-,No estoque,-,-,transferida do NTI sala 02 devido as goteiras de água
21918,Equipamentos de Informática,Monitor,HP WE 1943SE-PF 19 polegadas lcd,-,1º Andar,Depósito/Antiga Sala de Vídeo Conferência,Regular,-,No estoque,-,-,transferida do NTI sala 02 devido as goteiras de água
16444,Equipamentos de Informática,Monitor,HP WE 1943SE-PF 19 polegadas lcd,-,1º Andar,Depósito/Antiga Sala de Vídeo Conferência,Regular,-,No estoque,-,-,transferida do NTI sala 02 devido as goteiras de água
21915,Equipamentos de Informática,Monitor,HP WE 1943SE-PF 19 polegadas lcd,-,1º Andar,Depósito/Antiga Sala de Vídeo Conferência,Regular,-,No estoque,-,-,transferida do NTI sala 02 devido as goteiras de água
21850,Equipamentos de Informática,Monitor,HP WE 1943SE-PF 19 polegadas lcd,-,1º Andar,Depósito/Antiga Sala de Vídeo Conferência,Regular,-,No estoque,-,-,transferida do NTI sala 02 devido as goteiras de água
21881,Equipamentos de Informática,Monitor,HP WE 1943SE-PF 19 polegadas lcd,-,1º Andar,Depósito/Antiga Sala de Vídeo Conferência,Regular,-,No estoque,-,-,transferida do NTI sala 02 devido as goteiras de água
16446,Equipamentos de Informática,Monitor,HP WE 1943SE-PF 19 polegadas lcd,-,1º Andar,Depósito/Antiga Sala de Vídeo Conferência,Regular,-,No estoque,-,-,transferida do NTI sala 02 devido as goteiras de água
16445,Equipamentos de Informática,Monitor,HP WE 1943SE-PF 19 polegadas lcd,-,1º Andar,Depósito/Antiga Sala de Vídeo Conferência,Regular,-,No estoque,-,-,transferida do NTI sala 02 devido as goteiras de água
21857,Equipamentos de Informática,Monitor,HP WE 1943SE-PF 19 polegadas lcd,-,1º Andar,Depósito/Antiga Sala de Vídeo Conferência,Regular,-,No estoque,-,-,transferida do NTI sala 02 devido as goteiras de água
21895,Equipamentos de Informática,Monitor,HP WE 1943SE-PF 19 polegadas lcd,-,1º Andar,Depósito/Antiga Sala de Vídeo Conferência,Regular,-,No estoque,-,-,transferida do NTI sala 02 devido as goteiras de água
21912,Equipamentos de Informática,Monitor,HP WE 1943SE-PF 19 polegadas lcd,-,1º Andar,Depósito/Antiga Sala de Vídeo Conferência,Regular,-,No estoque,-,-,transferida do NTI sala 02 devido as goteiras de água
21876,Equipamentos de Informática,Monitor,HP WE 1943SE-PF 19 polegadas lcd,-,1º Andar,Depósito/Antiga Sala de Vídeo Conferência,Regular,-,No estoque,-,-,transferida do NTI sala 02 devido as goteiras de água
sem patrimônio,Equipamentos de Informática,Teclados,59 unidades,-,1º Andar,Depósito/Antiga Sala de Vídeo Conferência,Regular,-,Obsoleto,-,-,a maioria da marca HP
sem patrimônio,Equipamentos de Informática,Mouses,25 unidades,-,1º Andar,Depósito/Antiga Sala de Vídeo Conferência,Regular,-,Obsoleto,-,-,a maioria da marca HP
21183,Equipamentos de Informática,Estabilizador,Microline BMI ML-0500B3,-,1º Andar,Depósito/Antiga Sala de Vídeo Conferência,Bom,-,Irrecuperável,-,-,"Transferido do RH para o depósito, pois apresentou problema na utilização da impressora."
sem patrimônio,Equipamentos de Informática,Estabilizador,Microsol NG2,-,1º Andar,Depósito/Antiga Sala de Vídeo Conferência,Danificado,-,Irrecuperável,-,-,-
sem patrimônio,Equipamentos de Informática,Estabilizadores,11 unidades / Eternity Force Line,-,1º Andar,Depósito/Antiga Sala de Vídeo Conferência,Danificado,-,Irrecuperável,-,-,"quebrados, verificado pelo servidor do NTI"
sem patrimônio,Equipamentos de Informática,Multifuncional,HP OFFICEJET PRO 8610,Sonia Regina/Jackson Raniel,1º Andar,Depósito/Antiga Sala de Vídeo Conferência,Danificado,-,Obsoleto,-,-,Doação da professora Sônia - Rolamento estar com problemas
5788,Equipamentos de informática,DVD Vídeo,Encore eletronics DVD Vídeo BT - 2511,UPE POLI 07,1º Andar,Depósito/Antiga Sala de Vídeo Conferência,Ruim,,Irrecuperável,,,Transferido do Almoxarifado para o depósito - 08/07/2026 
4333,Equipamente de Informática,Notebook,Itautec,IAUPE-UPE,1º Andar,Depósito/Antiga Sala de Vídeo Conferência,Danificado,-,Irrecuperável,-,-,Devolvido dia 17/05 - computador sem funcionar(muito antigo)
sem patrimônio,Equipamentos de Informática,Fonte para monitores / cabo de força / cabos VGA e DVI,-,-,1º Andar,Depósito/Antiga Sala de Vídeo Conferência,Regular,-,Obsoleto,-,-,09 unidades de fonte / Cabo de força 24 unidades / Cabos VGA DVI: 53 unidades
15912,Equipamentos de informática,Gabinete (CPU),HP Compaq 6000 Pro MT Intel Core 2 Duo,-,1º Andar,Depósito/Antiga Sala de Vídeo Conferência,Regular,-,No estoque,-,-,transferida do NTI sala 02 devido as goteiras de água
21790,Equipamentos de informática,Gabinete (CPU),HP Compaq 6000 Pro MT Intel Core 2 Duo,-,1º Andar,Depósito/Antiga Sala de Vídeo Conferência,Regular,-,No estoque,-,-,transferida do NTI sala 02 devido as goteiras de água
15914,Equipamentos de informática,Gabinete (CPU),HP Compaq 6000 Pro MT Intel Core 2 Duo,-,1º Andar,Depósito/Antiga Sala de Vídeo Conferência,Regular,-,No estoque,-,-,transferida do NTI sala 02 devido as goteiras de água
16278,Equipamentos de informática,Monitor,HP WE 129-600001,-,1º Andar,Depósito/Antiga Sala de Vídeo Conferência,Regular,-,No estoque,-,-,transferida do NTI sala 02 devido as goteiras de água
sem patrimônio,Móveis e Utensílios,Cadeiras,"61 unidades - cadeira fixa, sem braço",-,1º Andar,Depósito/Antiga Sala de Vídeo Conferência,Regular,-,No estoque,-,-,"Cadeira fixa, sem braços, cor azul, estofada em tecido - Distribuição de Localização: Depósito 39 unidades e Corredor 22 unidades."
sem patrimônio,Móveis e Utensílios,Cadeiras,"120 unidades - cadeira fixa, com prancheta lateral",-,1º Andar,Depósito/Antiga Sala de Vídeo Conferência,Regular,-,No estoque,-,-,"107 Unidades – Cadeira universitária fixa, com prancheta lateral, estofada em tecido azul. (Distribuição: 53 no depósito / 68 no corredor)."
sem patrimônio,Móveis e Utensílios,Cadeira Giratória,"01 unidade - cadeira giratória, sem braços, estofada em tecido azul ",-,1º Andar,Depósito/Antiga Sala de Vídeo Conferência,Regular,-,No estoque,-,-,
sem patrimônio,Móveis e Utensílios,Estante,de aço com 6 prateleiras,-,1º Andar,Depósito/Antiga Sala de Vídeo Conferência,Regular,-,No estoque,-,-,transferida do RH para o depósito
sem patrimônio,Móveis e Utensílios,Estante,de aço com 6 prateleiras,-,1º Andar,Depósito/Antiga Sala de Vídeo Conferência,Bom,-,No estoque,-,-,transferida do RH para o depósito
sem patrimônio,Móveis e Utensílios,Mesa,Apoio/Mesinha (70x70x40),-,1º Andar,Depósito/Antiga Sala de Vídeo Conferência,Bom,-,No estoque,-,-,-
sem patrimônio,Móveis e Utensílios,Mesas,"03 Unidades – Mesa circular para reunião, diâmetro de 120 cm e altura de 75 cm.",-,1º Andar,Depósito/Antiga Sala de Vídeo Conferência,Bom,-,No estoque,-,-,Corredor - 05/05/2026
sem patrimônio,Móveis e Utensílios,Mesa,01 unidade - Mesa Retangular com 2 gaveteiros (150x64x73) cm,-,1º Andar,Depósito/Antiga Sala de Vídeo Conferência,Regular,-,No estoque,-,-,Corredor - 05/05/2026
sem patrimônio,Móveis e Utensílios,Mesa,01 unidade - Mesa Retangular com 2 gaveteiros (150x60x75) cm,-,1º Andar,Depósito/Antiga Sala de Vídeo Conferência,Regular,-,No estoque,-,-,Corredor - 05/05/2026
sem patrimônio,Móveis e Utensílios,Mesa,03 unidades - Mesa Retangular (190x57x75) cm,-,1º Andar,Depósito/Antiga Sala de Vídeo Conferência,Bom,-,No estoque,-,-,Corredor - 05/05/2026
sem patrimônio,Móveis e Utensílios,Mesa,02 unidades - Mesa Retangular (100x60x75) cm,-,1º Andar,Depósito/Antiga Sala de Vídeo Conferência,Bom,-,No estoque,-,-,Corredor - 05/05/2026
sem patrimônio,Móveis e Utensílios,Mesa ,01 unidade - Mesa Retangular (137x60x75) cm,-,1º Andar,Depósito/Antiga Sala de Vídeo Conferência,Regular,-,No estoque,-,-,"Enviada para depósito, pois chegou uma mesa nova"
sem patrimônio,Móveis e Utensílios,Estante ,01 unidade - Estante para revista com 5 prateleiras ,-,1º Andar,Depósito/Antiga Sala de Vídeo Conferência,Bom,-,No estoque,-,-,Corredor - 05/05/2026
sem patrimônio,Móveis e Utensílios,Mesa,Retangular com 2 gaveteiros (120x60x75) cm,-,1º Andar,Depósito/Antiga Sala de Vídeo Conferência,Regular,-,No estoque,-,-,"Enviada para depósito, pois chegou uma mesa nova"
sem patrimônio,Móveis/Utensílios,Mesa,Retangular com gaveteiro quebrado (100x60x75) cm,-,1º Andar,Depósito/Antiga Sala de Vídeo Conferência,Regular,-,No estoque,-,-,"não apresenta as gavetas, porém a mesa está em condições boas de uso."
sem patrimônio,Móveis e Utensílios,Mesa,retangular com 2 gaveteiros (120x60x75)cm²,-,1º Andar,Depósito/Antiga Sala de Vídeo Conferência,Regular,-,No estoque,-,-,"Enviada para depósito, pois chegou uma mesa nova"
sem patrimônio,Móveis e Utensílios,Mesa,Retangular (137x60x75)cm²,-,1º Andar,Depósito/Antiga Sala de Vídeo Conferência,Regular,-,No estoque,-,-,"Enviada para depósito, pois chegou uma mesa nova"
sem patrimônio,Móveis e Utensílios,Mesa,Retangular (137x60x75)cm²,-,1º Andar,Depósito/Antiga Sala de Vídeo Conferência,Regular,-,No estoque,-,-,-
sem patrimônio,Móveis e Utensílios,Mesa,Retangular (120x60x79)cm²,-,1º Andar,Depósito/Antiga Sala de Vídeo Conferência,Regular,-,No estoque,-,-,"Enviada para depósito, pois chegou uma mesa nova"
sem patrimônio,Móveis e Utensílios,Mesa,Retangular (137x60x75)cm²,-,1º Andar,Depósito/Antiga Sala de Vídeo Conferência,Regular,-,No estoque,-,-,"Enviada para depósito, pois chegou uma mesa nova"
sem patrimônio,Móveis e Utensílios,Mesa,Retangular (100x60x75)cm²,-,1º Andar,Depósito/Antiga Sala de Vídeo Conferência,Regular,-,No estoque,-,-,Transferido para o deposito a pedido de Robson dia 27-09-2023
sem patrimônio,Móveis e Utensílios,Mesa,137x60x75 cm²,-,1º Andar,Depósito/Antiga Sala de Vídeo Conferência,Regular,-,No estoque,-,-,"Enviada para depósito, pois chegou uma mesa nova"
4407020034352022,Equipamentos de informática,Estabilizador,ES-300VA BM 115V Bem Ligado CLK,-,1º Andar,Depósito/Antiga Sala de Vídeo Conferência,Danificado,19.01.2023,Irrecuperável,000064769,"R$ 115,00",Queimou - transferido do Lab 8 para o depósito
4407020034502022,Equipamentos de informática,Estabilizador,ES-300VA BM 115V Bem Ligado CLK,,1º Andar,Depósito/Antiga Sala de Vídeo Conferência,Danificado,19.01.2023,Irrecuperável,000064769,"R$ 115,00",Queimou - transferido do Lab 8 para o depósito
4407020034362022,Equipamentos de informática,Estabilizador,ES-300VA BM 115V Bem Ligado CLK,,1º Andar,Depósito/Antiga Sala de Vídeo Conferência,Danificado,19.01.2023,Irrecuperável,000064769,"R$ 115,00",Queimou - transferido do Lab 8 para o depósito
4407020034452022,Equipamentos de informática,Estabilizador,ES-300VA BM 115V Bem Ligado CLK,,1º Andar,Depósito/Antiga Sala de Vídeo Conferência,Danificado,19.01.2023,Irrecuperável,000064769,"R$ 115,00",Queimou - transferido do NTI para o Depósito
15523,Equipamentos de informática,Estabilizador,Microline BMI ML-0500B1,,1º Andar,Depósito/Antiga Sala de Vídeo Conferência,Danificado,-,Irrecuperável,-,-,Queimou - transferido da sala dos professores Gabinete I
15718,Equipamentos de Informática,Estabilizador,Microline BMI ML-0500B1,-,1º Andar,Depósito/Antiga Sala de Vídeo Conferência,Danificado,-,Irrecuperável,-,-,estava no NTI (saiu de lá sem aviso)
sem patrimônio,Equipamentos de informática,Estabilizador,Force Line / Eternity,-,1º Andar,Depósito/Antiga Sala de Vídeo Conferência,Danificado,-,Irrecuperável,-,-,Queimou foi  transferido do LAb 7 para o depósito
sem patrimônio,Equipamento de Informática,Estabilizador,SMS/Revolution Speedy,-,1º Andar,Depósito/Antiga Sala de Vídeo Conferência,Danificado,-,Irrecuperável,-,-,Queimou foi transferido da gestão executiva para o depósito
sem patrimônio,Equipamentos de informática,Estabilizador,RCG/Energetic,-,1º Andar,Depósito/Antiga Sala de Vídeo Conferência,Danificado,-,Irrecuperável,-,-,Queimou - Lab 7 para o depósito
sem patrimônio,Móveis e Utensílios,Lousa/Quadro,Branco (275x125)cm²,-,1º Andar,Depósito/antiga Sala de Vídeo Conferência,Bom,-,No estoque,-,-,-
sem patrimônio,Móveis e Utensílios,Lousa/Quadro,Branco (275x125)cm²,-,1º Andar,Depósito/antiga Sala de Vídeo Conferência,Bom,-,No estoque,-,-,-
sem patrimônio,Móveis e Utensílios,Lousa/Quadro,Branco (275x125)cm²,-,1º Andar,Depósito/antiga Sala de Vídeo Conferência,Bom,-,No estoque,-,-,-
sem patrimônio,Móveis e Utensílios,Lousa/Quadro,Branco (275x125)cm²,-,1º Andar,Depósito/antiga Sala de Vídeo Conferência,Bom,-,No estoque,-,-,-
sem patrimônio,Móveis e Utensílios,Lousa/Quadro,Branco (275x125)cm²,-,1º Andar,Depósito/antiga Sala de Vídeo Conferência,Bom,-,No estoque,-,-,-
sem patrimônio,Móveis e Utensílios,Lousa/Quadro,Branco (275x125)cm²,-,1º Andar,Depósito/antiga Sala de Vídeo Conferência,Bom,-,No estoque,-,-,-
0637,Moveis/Utensílios,Cadeira,com braço,ITEP/OS,1º Andar,Depósito/Antiga Sala de Vídeo Conferência,Danificado,-,Obsoleto,,,
0643,Moveis/Utensílios,Cadeira,com braço,ITEP/OS,1ª Andar,Depósito/Antiga Sala de Vídeo Conferência,Danificado,-,Obsoleto,,,
0649,Móveis e Utensílios,Cadeira,com braço,ITEP/OS,1º Andar,Depósito/Antiga Sala de Vídeo Conferência,Danificado,-,Obsoleto,-,-,-
0660,Móveis e Utensílios,Cadeira,com braço,ITEP/OS,1º Andar,Depósito/Antiga Sala de Vídeo Conferência,Danificado,-,Obsoleto,-,-,-
0663,Móveis e Utensílios,Cadeira,com braço,ITEP/OS,1º Andar,Depósito/Antiga Sala de Vídeo Conferência,Danificado,-,Obsoleto,-,-,-
0664,Móveis e Utensílios,Cadeira,com braço,ITEP/OS,1º Andar,Depósito/Antiga Sala de Vídeo Conferência,Danificado,-,Obsoleto,-,-,-
0668,Móveis e Utensílios,Cadeira,com braço,ITEP/OS,1º Andar,Depósito/Antiga Sala de Vídeo Conferência,Danificado,-,Obsoleto,-,-,-
0669,Móveis e Utensílios,Cadeira,com braço,ITEP/OS,1º Andar,Depósito/Antiga Sala de Vídeo Conferência,Danificado,-,Obsoleto,-,-,-
06X3,Móveis e Utensílios,Cadeira,com braço,ITEP/OS,1º Andar,Depósito/Antiga Sala de Vídeo Conferência,Danificado,-,Obsoleto,-,-,patrimônio Danificado
0659,Móveis e Utensílios,Cadeira,com braço azul,ITEP/OS,1º Andar,Recursos Humanos,Bom,-,Em uso,-,-,-
sem patrimônio,Som / Vídeo,Tripé,Aparentemente de caixa de som,,1º Andar,Depósito/Antiga Sala de Vídeo Conferência,Bom,-,Em uso,-,-,
sem patrimônio,Equipamentos,Evaporador de Ar,Carrier 36.000 btu/h,-,1º Andar,Depósito/Antiga Sala de Vídeo Conferência,Bom,-,Em uso,-,-,-
sem patrimônio,Equipamentos,Condensador de Ar,Carrier 36.000 btu/h,-,1º Andar,Depósito/Antiga Sala de Vídeo Conferência,Bom,-,Em uso,-,-,-
sem patrimônio,Suporte,Suporte para Luminárias,30 unidades - DS-500 2x28 - 54w,-,1º Andar,Depósito/Antiga Sala de Vídeo Conferência,Novo,-,No estoque,-,-,vão utilizar futuramente no predio do campus da UPE Caruaru
2422,Móveis e Utensílios,Mesa,"Retangular com 3 gaveteiros (120x59x74,5)cm²",FESP-Politecnica,1º Andar,Depósito/Antiga Sala de Vídeo Conferência,Regular,-,No estoque,-,-,transferida do RH para o Depósito
sem patrimônio,Moveis/Utensílios,Estante,01 unidade - Estante de aço com 6 prateleiras,-,1º Andar,Depósito/Antiga Sala de Vídeo Conferência,Bom,-,No estoque,-,-,
sem patrimônio,Móveis e Utensílios,Estante,03 unidades - Estante de aço com 5 prateleiras ,-,1º Andar,Depósito/Antiga Sala de Vídeo Conferência,Regular,-,No estoque,-,-,-
sem patrimônio,Moveis/Utensílios,Estante,01 unidade - Estante aço 4 prateleiras ,-,1º Andar,Depósito/Antiga Sala de Vídeo Conferência,Regular,-,Em uso,-,-,-
4634,Equipamentos de Informática,Notebook,CCE RLE232,IAUPE/UPE,1º Andar,Depósito/Antiga Sala de Vídeo Conferência,Danificado,-,Irrecuperável,-,-,"Equipamento constava na lista da SAD, porém não foi enviado, faltou espaço no caminhão"
15521,Equipamentos de informática,Estabilizador,Microline BMI ML-0500B1,Pro-Reitoria Administrativa,1º Andar,Depósito/Antiga Sala de Vídeo Conferência,Danificado,-,Irrecuperável,-,-,"Equipamento constava na lista da SAD, porém não foi enviado, faltou espaço no caminhão"
15423,Equipamentos de informática,Scan,HP Scanjet G2710,Pro-Reitoria Administrativa,1º Andar,Depósito/Antiga Sala de Vídeo Conferência,Danificado,-,Irrecuperável,-,-,-
21169,Equipamentos de informática,Estabilizador,Microline BMI ML-0500B1,Pro-Reitoria Administrativa,1º Andar,Depósito/Antiga Sala de Vídeo Conferência,Danificado,-,Irrecuperável,-,-,Equipamento Quebrado
15825,Equipamentos de informática,Acess Point,3COM,Pro-Reitoria Administrativa,1º Andar,Depósito/Antiga Sala de Vídeo Conferência,Danificado,-,Irrecuperável,-,-,"Equipamento antigo, estado desconhecido"
15826,Equipamentos de informática,Acess Point,3COM,Pro-Reitoria Administrativa,1º Andar,Depósito/Antiga Sala de Vídeo Conferência,Danificado,-,Irrecuperável,-,-,"Equipamento antigo, estado desconhecido"
15827,Equipamentos de informática,Acess Point,3COM,Pro-Reitoria Administrativa,1º Andar,Depósito/Antiga Sala de Vídeo Conferência,Danificado,-,Irrecuperável,-,-,"Equipamento antigo, estado desconhecido"
21789,Equipamentos de informática,Gabinete (CPU),HP Compaq 6000 Pro MT Intel Core 2 Duo,-,1º Andar,Depósito/Antiga Sala de Vídeo Conferência,Ruim,-,Irrecuperável,-,-,-
16003,Equipamentos de informática,Gabinete (CPU),HP Compaq 6000 Pro MT Intel Core 2 Duo,-,1º Andar,Depósito/Antiga Sala de Vídeo Conferência,Danificado,-,Irrecuperável,-,-,computador quebrou e foi enviado para o depósito.
15919,Equipamentos de Informática,Gabinete (CPU),HP Compaq 6000 Pro MT Intel Core 2 Duo,-,1º Andar,Depósito/Antiga Sala de Vídeo Conferência,Ruim,-,Irrecuperável,-,-,transferido 01-08-2023
sem patrimônio,Móveis e Utensílios,Mesa,Retangular (190x57x75) cm²,-,1º Andar,Depósito/Antiga Sala de Vídeo Conferência,Danificado,-,Irrecuperável,-,-,"Quebrou, se desmotou com o tempo de uso."
sem patrimônio,Móveis e Utensílios,Cadeira,Com braço, -,1º Andar,Depósito,Danificado,-,Irrecuperável,-,-,-
sem patrimônio,Móveis e Utensílios,Cadeira,Com braço, -,1º Andar,Depósito/Antiga sala de vídeo conferência,Bom,-,No estoque,-,-,-
sem patrimônio,Móveis e Utensílios,Mesa,Retangular (137x60x75)cm²,-,1º Andar,Depósito,Bom,-,No estoque,-,-,Transferido para o deposito a pedido de Robson dia 27-09-2023
0623,Móveis e Utensílios,Cadeira,com Braço,ITEP/OS,1º Andar,Depósito,Regular,-,No estoque,-,-,-
sem patrimônio,Equipamento,Catraca Eletrônica,TopData,-,1º Andar,Depósito,Bom,-,No estoque,-,-,"não sei o estado do equipamento., Transferido para o Depósito 18/06/2024 a pedido de Praxedes."
sem patrimônio,Equipamento,Catraca Eletrônica,TopData,-,1º Andar,Depósito,Bom,-,No estoque,-,-,"não sei o estado do equipamento., Transferido para o Depósito 18/06/2024 a pedido de Praxedes."
21887,Equipamentos de informática,Monitor,HP WE 129-600001,,1º Andar,Depósito/Antiga Sala de Vídeo Conferência,Regular,-,No estoque,-,-,Não sei o Estado de conservação e se está em uso
,,,,,,,,,,,,
sem patrimônio,Equipamentos,Evaporador de Ar,Midea  18.000btu/h 42mtqb18m5 220v/60hertz,-,1º Andar,Depósito/Antiga Sala de Vídeo Conferência,Ruim,-,Obsoleto,-,-,"foram substituidos, pois não estava refrigerando - sem destinação ainda"
sem patrimônio,Equipamentos,Condesador de Ar,Midea 18.000btu/h,-,1º Andar,Depósito/Antiga Sala de Vídeo Conferência,Ruim,-,Obsoleto,-,-,"foram substituidos, pois não estava refrigerando - sem destinação ainda"
sem patrimônio,Equipamento,Evaporador de Ar,Elgin SgFI 12.000 Btu/h,-,1º Andar,Depósito/Antiga Sala de Vídeo Conferência,Ruim,-,Obsoleto,-,-,"Equipamento substituido por um novo, estão sem uso. Depósito"
sem patrimônio,Equipamento,Condesador de Ar,Elgin 12.000 Btu/h,-,1º Andar,Depósito/Antiga Sala de Vídeo Conferência,Ruim,-,Obsoleto,-,-,"Equipamento substituido por um novo, estão sem uso. Sala do novo Lamie (antiga biblioteca)"
sem patrimônio,Equipamentos ,Evaporador de Ar,Midea MSS1-09CR 18.000btu/h,-,1º Andar,Depósito/Antiga Sala de Vídeo Conferência,Danificado,-,Irrecuperável,-,-,"foram substituidos , pois não estava mais funcionando. 24/03/2026 a pedido de professor Robson."
sem patrimônio,Equipamentos ,Condesador de Ar,Midea 18.000btu/h,-,1º Andar,Depósito/Antiga Sala de Vídeo Conferência,Danificado,-,Irrecuperável,-,-,"foram substituidos , pois não estava mais funcionando. 24/03/2026 a pedido de professor Robson."
,,,,,,,,,,,,
,,,,,,,,,,,,
,,,,,,,,,,,,
4407020001172024,Equipamentos de Informática,Impressora Multifuncional,Xerox modelo: B225 LASER,-,1º Andar,Depósito/Antiga sala de vídeo conferência,Danificado,30.05.2024,Irrecuperável,193,"R$ 1.790,00",
Sem Tombamento,Eletrônico/Telecomunicações,Telefone,Gigaset DA100,Fernando Pontual,1º Andar,React,Regular,-,Obsoleto,-,-,não sei o Estado de conservação/Aparentemente sem Uso
Sem Tombamento,Equipamentos de informática,Multifuncional ,HP DeskJet ,Fernando Pontual,1º Andar,React,Regular,-,Em uso,-,-,"Pontual disse que não sabe de quem é, não sei o estado e nem o uso."
sem patrimônio,Móveis e Utensílios,Lousa/Quadro,Branco,,1º Andar,Antiga Sala do NTI 02,Bom,-,No estoque,-,-,"Impossivel de fazer as medições, pois tem diversas cadeiras em cima do mesmo"
5675 POLI 07,Móveis e Utensílios,Cadeira,Com braço, -,Administrativo,Auditório,Bom,-,Em uso,-,-,-
5676 POLI 07,Móveis e Utensílios,Cadeira,Com braço, -,Administrativo,Auditório,Bom,-,Em uso,-,-,-
5679 POLI 07,Móveis e Utensílios,Cadeira,Com braço, -,Administrativo,Auditório,Bom,-,Em uso,-,-,-
5689 POLI 07,Móveis e Utensílios,Cadeira,Com braço, -,Administrativo,Auditório,Bom,-,Em uso,-,-,-
5692 POLI 07,Móveis e Utensílios,Cadeira,Com braço, -,Administrativo,Auditório,Bom,-,Em uso,-,-,-
5701 POLI 07,Móveis e Utensílios,Cadeira,Com braço, -,Administrativo,Auditório,Bom,-,Em uso,-,-,-
5704 POLI 07,Móveis e Utensílios,Cadeira,Com braço, -,Administrativo,Auditório,Bom,-,Em uso,-,-,-
5705 POLI 07,Móveis e Utensílios,Cadeira,Com braço, -,Administrativo,Auditório,Bom,-,Em uso,-,-,-
5707 POLI 07,Móveis e Utensílios,Cadeira,Com braço, -,Administrativo,Auditório,Bom,-,Em uso,-,-,-
5715 POLI 07,Móveis e Utensílios,Cadeira,Com braço, -,Administrativo,Auditório,Bom,-,Em uso,-,-,-
5723 POLI 07,Móveis e Utensílios,Cadeira,Com braço, -,Administrativo,Auditório,Bom,-,Em uso,-,-,-
5727 POLI 07,Móveis e Utensílios,Cadeira,Com braço, -,Administrativo,Auditório,Bom,-,Em uso,-,-,-
5736 POLI 07,Móveis e Utensílios,Cadeira,Com braço, -,Administrativo,Auditório,Bom,-,Em uso,-,-,-
5742 POLI 07,Móveis e Utensílios,Cadeira,Com braço, -,Administrativo,Auditório,Bom,-,Em uso,-,-,-
5753 POLI 07,Móveis e Utensílios,Cadeira,Com braço, -,Administrativo,Auditório,Bom,-,Em uso,-,-,-
5756 POLI 07,Móveis e Utensílios,Cadeira,Com braço, -,Administrativo,Auditório,Bom,-,Em uso,-,-,-
5758 POLI 07,Móveis e Utensílios,Cadeira,Com braço, -,Administrativo,Auditório,Bom,-,Em uso,-,-,-
5773 POLI 07,Móveis e Utensílios,Cadeira,Com braço, -,Administrativo,Auditório,Bom,-,Em uso,-,-,-
5774 POLI 07,Móveis e Utensílios,Cadeira,Com braço, -,Administrativo,Auditório,Bom,-,Em uso,-,-,-
5782 POLI 07,Móveis e Utensílios,Cadeira,Com braço, -,Administrativo,Auditório,Bom,-,Em uso,-,-,-
5786 POLI 07,Móveis e Utensílios,Cadeira,Com braço, -,Administrativo,Auditório,Bom,-,Em uso,-,-,-
5810 POLI 07,Móveis e Utensílios,Cadeira,Com braço, -,Administrativo,Auditório,Bom,-,Em uso,-,-,-
5812 POLI 07,Móveis e Utensílios,Cadeira,Com braço, -,Administrativo,Auditório,Bom,-,Em uso,-,-,-
5813 POLI 07,Móveis e Utensílios,Cadeira,Com braço, -,Administrativo,Auditório,Bom,-,Em uso,-,-,-
5834 POLI 07,Móveis e Utensílios,Cadeira,Com braço, -,Administrativo,Auditório,Bom,-,Em uso,-,-,falta colar
5825 POLI 07,Móveis e Utensílios,Cadeira,Com braço, -,Administrativo,Auditório,Bom,-,Em uso,-,-,-
sem patrimônio,Móveis e Utensílios,Lousa/Quadro,Branco (275x125)cm²,-,Sala de Aula,Sala Integrada,Bom,-,Em uso,-,-,-
sem patrimônio,Móveis e Utensílios,Lousa/Quadro,Branco (275x125)cm²,-,Sala de Aula,Sala Integrada,Bom,-,Em uso,-,-,-
sem patrimônio,Móveis e Utensílios,Armário,De aço com 6 prateleiras(2 unidades),Renata/Junior,Administrativo,Escolaridade,Regular,-,Em uso,-,-,-
sem patrimônio,Móveis e Utensílios,Mesa,Retangular com 2 gavetas (120x60x75)cm²,Renata/Junior,Administrativo,Escolaridade,Regular,-,Em uso,-,-,-
sem patrimônio,Móveis e Utensílios,Mesa,Retangular com 2 gavetas (120x60x75)cm²,Renata/Junior,Administrativo,Escolaridade,Regular,-,Em uso,-,-,-
sem patrimônio,Móveis e Utensílios,Mesa,"Apoio/Mesinha(70x70x40,5)cm²",Rosie,Administrativo,Sala de Reuniões,Regular,-,Em uso,-,-,-
sem patrimônio,Móveis e Utensílios,Mesa,retangular (137x60x75)cm²,Rosie,Administrativo,Sala de Reuniões,Regular,-,Em uso,-,-,-
sem patrimônio,Equipamentos de Telecomunicação,Telefone,Siemens Euroset 3005,Rosie,Administrativo,Sala de Reuniões,Regular,-,Em uso,-,-,-
sem patrimônio,Moveis/Utensílios,Cadeira ,Giratória sem braço em tecido,Rosie,Administrativo,Sala de Reuniões,Novo,17.12.2024,Em uso,000.002.016,"R$ 385,00",cadeiras novas 
sem patrimônio,Móveis/Utensílios,Quadro/Lousa,Branco (300x120)cm²,Sônia Regina/Jackson Raniel,Laboratório,Lamie,Bom,-,Em uso,-,-,-
8300447177,Móveis/Utensílios,Mesa,Retangular com 3 gaveteiros (110x60x75)cm,Secretária de Saúde,Laboratório,Lamie,Bom,-,Em uso,-,-,-
sem patrimônio,Móveis/Utensílios,Mesa,Circular,Sônia Regina/Jackson Raniel,Laboratório,Lamie,Bom,-,Em uso,-,-,-
sem patrimônio,Móveis e Utensílios,Cadeiras,2 Unidades (Sem Braço),Mirele,Administrativo,Direção,Regular,-,Em uso,-,-,-
sem patrimônio,Equipamentos de informática,Notebook Asus,"Model: X515M 15,6`` LED",Mirele,Administrativo,Direção,Bom,-,Em uso,-,-,Serial Number: NBN0B6026291477
4407020009062024,Móveis/Utensílios,Cadeira,Giratória sem braço em tecido,-,1º Andar,Gabinete dos Professores IV,Novo,17.12.2024,Em uso,000.002.016,"R$ 385,00",cadeira nova
Sem Tombamento,Equipamento Eletrônico/ Áudio e Som,Caixa com Microfone,-,Raphael Dourado,1º Andar,Modateca/ Sala01,Regular,-,No estoque,-,-,Verificar as condições
,,,,,,,,,,,,
sem patrimônio,Móveis e Utensílios,Armário,Aço com 16 portas Individuais,Gleise Meury,Administrativo,Biblioteca,Bom,-,Em uso,-,-,-
sem patrimônio,Móveis e Utensílios,Armário,Aço com 12 portas Individuais,Gleise Meury,Administrativo,Biblioteca,Bom,-,Em uso,-,-,-
sem patrimônio,Móveis e Utensílios,Armário,Aço com 8 portas Individuais,Gleise Meury,Administrativo,Biblioteca,Bom,-,Em uso,-,-,-
sem patrimônio,Móveis e Utensílios,Cadeiras,38 unidades - Sem Braço ,Gleise Meury,Administrativo,Biblioteca,Bom,-,Em uso,-,-,Algumas cadeiras estão com a professora takako no armazém da criatividade
5857 POLI 07,Móveis e Utensílios,Bancada,"Retangular (380x57x75,5)cm²",Gleise Meury,Administrativo,Biblioteca,Bom,-,Em uso,-,-,-
5858 POLI 07,Móveis e Utensílios,Bancada,"Retangular (380x57x75,5)cm²",Gleise Meury,Administrativo,Biblioteca,Bom,-,Em uso,-,-,-
5795 POLI 07,Móveis e Utensílios,Mesa,Circular (120 diametro x 75 altura) cm,Gleise Meury,Administrativo,Biblioteca,Bom,-,Em uso,-,-,-
5796 POLI 07,Móveis e Utensílios,Mesa,Circular (120 diametro x 75 altura) cm,Gleise Meury,Administrativo,Biblioteca,Bom,-,Em uso,-,-,-
5801 POLI 07,Moveis/Utensílios,Mesa,Circular (120 diametro x 75 altura) cm,Gleise Meury,Administrativo,Biblioteca,Bom,-,Em uso,-,-,-
sem patrimônio,Móveis e Utensílios,Mesa de Apoio,Quadrada (70x70x40)cm²,Gleise Meury,Administrativo,Biblioteca,Bom,-,Em uso,-,-,-
310 POLO,Móveis e Utensílios,Mesa,Retangular com 2 gaveteiros (150x64x75)cm²,Gleise,Administrativo,Biblioteca,Regular,-,Em uso,-,-,não faz parte do patrimônio da UPE - POLO COMERCIAL
sem patrimônio,Equipamentos,Desmagnetizador ,para biblioteca,Gleise,Administrativo,Biblioteca,Bom,-,Em uso,-,-,funcionando
sem patrimônio,Eletrônico/Telecomunicações,Telefone,Gigaset DA100,Gleise,Administrativo,Biblioteca,Bom,-,Em uso,-,-,-
sem patrimônio,Equipamento de Informática,Estabilizador,SMS/Revolution II ,Gleise,Administrativo,Biblioteca,Regular,-,Em uso,-,-,-
sem patrimônio,Equipamentos de Informática,Estabilizador,Force Line / Eternity,Gleise,Administrativo,Biblioteca,Bom,-,Em uso,-,-,-
sem patrimônio,Equipamentos de Informática,Estabilizador,MicroSol / Sol NG2,Gleise,Administrativo,Biblioteca,Bom,-,Em uso,-,-,-
sem patrimônio,Móveis e Utensílios,Mesa,Retangular(137x60x75)cm²,-,Administrativo,Biblioteca,Bom,-,Em uso,-,-,transferida do 4º periodo para biblioteca(07-07-2023)
sem patrimônio,Móveis e Utensílios,Mesa,Retangular(137x60x75)cm²,-,Administrativo,Biblioteca,Bom,-,Em uso,-,-,transferida do 4º periodo para biblioteca(07-07-2023)
4407020002712026,Equipamento de Informatica,Monitor ,Lenovo T24i 23.8 pol. ThinkVision,,Laboratório,NTI,Novo,19-12-2025,No estoque,000014902,"R$ 850,00",empenho 2025NE003782 - Meta prioritária Int. da pós graduação.
,,,,,,,,,,,,
16005,Equipamentos de informática,Gabinete (CPU),HP Compaq 6000 Pro MT Intel Core 2 Duo,Professora Sônia,-,-,Regular,-,Em uso,-,-,Emprestado a professora SONIA
21886,Equipamentos de Informática,Monitor,HP WE 1943SE-PF 19 polegadas lcd,Professora Sônia,-,-,Regular,-,Em uso,-,-,Emprestado a professora SONIA
8300447174,Móveis e Utensílios,Mesa,retangular com 3 gavetas (110x60x75)cm²,Secretária de Educação,1º Andar,Depósito/Antiga Sala de Vídeo Conferência,Bom,-,No estoque,-,-,cedido para servidor Dirceu trabalhar em casa
sem patrimônio,Móveis e Utensílios,Mesa,Retangular (190x57x75) cm,-,?,?,Bom,-,Em uso,-,-,Procurar Destino
sem patrimônio,Móveis e Utensílios,Mesa,Retangular (190x57x72) cm²,-,?,?,Bom,-,Em uso,-,-,Procurar Destino
8300447176,Móveis/Utensílios,Mesa,Retangular com 3 gaveteiros (110x60x75)cm,Secretária de Saúde,1º Andar,Deposito/ Funcionários da Limpeza,Bom,-,Em uso,-,-,transferido do Lamie para o deposito dos funcionários.